x1,x2,x3,x4,x5,x6,x7,x8,id,target,split
-3.610122167418716,-0.46996521799946495,-0.8868979112681115,-1.8713435417925723,0.6506260018389393,-2.645446528700517,0.9148222352582074,-1.1880145325615044,0,0,train
0.7998684727474241,-0.8998468841343025,0.028350987990049537,0.5559698254084139,-1.9587676898079396,-0.5495964830536111,1.1933184769825087,0.4264926306186955,1,0,test
0.7038598888363312,-0.157252385295675,0.5639230414836663,1.856429864351297,1.8798582485355229,-0.4741783674882511,-0.5766628610275327,1.406875436139848,2,0,train
0.04615989778505451,0.20331016564179408,-1.2106845363088579,0.6057114271811431,-1.8749097575458342,-2.095492885753692,-1.6071360171340985,0.2601851094998831,3,0,train
-2.132664298938678,0.6406421001859048,-1.0367191313248438,-1.453896030619231,-0.25182055647335033,-1.523683120290873,-0.2106466769322869,-1.0473695711569073,4,0,test
-2.7919829120846313,-0.38559746708007936,-1.639843384328695,-3.565980307194521,-3.192237939639712,-1.5639279130834938,-2.4474593321485525,-3.012397454983736,5,0,train
0.3011262977010269,-0.12535079264588347,-1.9074561234500953,0.5054019576891918,0.27610189428288,-0.391199803321467,-2.9585691573922994,0.21286901630172309,6,0,train
0.13695317730235748,0.00043130524736964575,1.4703632916463971,0.4474957216379775,0.24904490571150983,-0.6441971125962105,-3.173958622451661,-0.0972566575804735,7,0,train
0.9527535509535093,-1.002101622998275,-1.6729150200092868,1.3322202439709019,-0.17887055477972036,-0.638985014250669,-1.504383801905859,0.9473824635717469,8,1,test
0.8567235363152077,-1.0034980029592884,1.4674910545782032,1.4652842673074438,2.369377640549701,0.9878080378342359,2.6589893624941636,1.4243543066276496,9,1,train
1.0164574381912335,-0.5724129941836662,-1.0074330819330064,0.922942648111474,-2.0215991817029177,-0.8414347244476644,0.43687958673369465,0.691236167851628,10,0,test
-2.4105132432650938,-0.19869707996611516,-0.5278389743210208,0.12467769618514957,0.13972480951048272,-3.6216536984276724,3.2849466799534555,0.5138586777358712,11,0,train
0.7225484509680342,-1.4880473505301854,-1.4005879864298834,0.7760633863225507,-0.23661295892426415,-0.32810978292722615,-2.216948147167613,0.42823894318208283,12,1,train
-2.550490289648748,-1.1800841507479862,-0.9877306718552621,-0.2767165345020688,1.6541226314436495,-2.4784863375665105,2.1938174211048946,0.21535026664732781,13,0,train
-0.684088188294475,0.5356572633442401,-1.4736592412266507,-1.5850874327955542,2.83924704311191,2.6420048354310235,-2.2521457437312598,-1.1647567786636779,14,1,train
-2.488810392240908,1.5375354995237072,-3.419348209816478,-2.4753767369294444,0.29496997299783057,-0.14009652216150237,1.0201907096079956,-1.4807384834089155,15,1,test
1.9612639161669938,1.6338289476621992,0.00027839120906170134,0.7086122672446421,-1.6764450773185386,1.2501756114431832,0.9266021045772636,0.5232466084840686,16,0,train
-2.4256788986876856,0.5519602201034727,-2.021500459816415,-1.7480656458918353,-1.6453021567364914,-2.1698757998635294,1.8594114127425354,-1.0548992605562673,17,0,train
1.1540473209882816,1.383577074647256,-0.6283522804887995,1.6365585229837216,0.22681733755823996,-0.5774880569810105,-2.041699061577112,1.0667975408408275,18,0,test
-0.5257285263849303,0.27966725921236285,-0.43330068437319774,0.3593115666482962,0.2847454788130307,-1.3667223062235516,-1.537716224248092,0.1569420635701067,19,0,test
-2.7089187746137138,-0.40900518759951576,0.13734564212556555,0.12257428543907067,0.13103348717533747,-3.9987556025841147,4.295511272369064,0.5756251003448403,20,0,train
2.8513703524385794,0.9301108060360292,-1.428674651397162,2.35233712369836,-0.11692116967949817,1.2298129549931023,0.5351282220076329,1.9121873170941006,21,0,train
0.21625788611867366,-0.7705077730699598,-0.3573605871764046,1.4229472518449269,-0.2953400660288116,-1.4667399063518287,3.608165185923116,1.4738395497054761,22,0,train
0.3864768493548487,0.783575552467701,-0.5167623135063175,0.14735428826092944,-0.5738005016783158,0.303352592954223,2.043418857115665,0.33328943235658814,23,0,train
1.0751774474230102,0.6748129367091992,1.4397815129695286,0.6034198332497492,-2.005974099112574,-0.16560210867198244,1.6164221574683073,0.40205723477024546,24,0,train
-1.8699679884567646,-0.8599079538909624,-1.0689801277280166,-2.031735929595981,-0.744536421608323,-0.49500191336858695,0.38592663443971154,-1.448454927414044,25,0,test
-0.14972537976134706,0.6932879126500161,-0.3838649649843535,-0.29105024915206323,-1.5418888397924724,-0.5428725395474667,1.8085090100804906,-0.08645086994506969,26,0,test
4.507832049146574,-1.8504725244646139,-2.0877855284593165,3.4782304019949195,0.3716990204465508,2.776374609534782,2.1970766267894675,3.00789067979572,27,0,train
-0.3287810551779241,-0.799382144803569,-1.2066734772412568,0.6907634413138016,-0.3157488856091153,-1.3726986618226689,2.9554466947368825,0.9130852453629729,28,0,train
2.8566522049551577,-0.6684689117553377,-1.037463998921696,2.5960706606228348,0.44157528969195636,1.2672873646882392,0.9572938432768631,2.1470544073852853,29,0,train
-1.804151334379138,0.2802260239045339,-2.831566891646542,-3.1677119562485045,-1.6546250853142563,0.5337516276271754,-1.2301648001835055,-2.4102832440616777,30,1,train
0.36045241648932674,-1.002655303931213,-0.7157204201072888,0.7629391204631187,-1.0030167106644599,-1.231076398474016,-1.0545261695124861,0.4525153750253771,31,0,train
0.801750707672081,-1.7264771568597939,-0.6866382642739799,0.9177781725890438,-0.2034541807313126,-0.266459138048021,-1.1176944245833982,0.6046068123755192,32,0,train
-0.9632986332214869,1.121773209537399,-1.1257128514520962,-0.654818047638697,-2.602519231613225,-2.287049779241481,-1.0302350460907508,-0.6724011199469941,33,0,test
-1.2996973166507426,-1.0116788106807117,-1.39750976496892,-0.40790656296973826,-0.001755344694649108,-1.4430975364485996,0.5456682224455263,-0.1396877691496042,34,0,train
0.5833024080729474,1.5910777987067262,-1.655754460043266,0.3318611722355056,-3.3469076652014738,-1.6976747505490302,-1.4723123001198708,0.008951899989460551,35,0,train
0.01687218242828976,-0.8649084822052509,0.06767362120385878,-0.42109003511714727,-0.03920561174228787,0.6990614167155009,0.7932806159516068,-0.23987163499603437,36,1,train
2.079598777477547,-0.18187722868039724,-1.7404017077494776,2.0897857281568104,-0.7116226552171274,-0.03774547414022533,0.16467540877969833,1.6664334493176016,37,0,train
-0.6385579908587476,0.736843173037611,-3.153250115304394,-1.900334361293579,-0.5598895176676727,1.4986187940411098,0.9201116041658419,-1.1396005156000466,38,1,test
-0.9075126793333286,1.828806496083444,-2.6655883038801806,-2.846654843720706,-4.181970649825949,0.0010110353044248122,-1.2334827909271548,-2.3351987402165357,39,0,train
3.342143076381569,-0.43802743004627903,-1.2914651244341797,2.7204892319852205,-0.25781953719951833,1.473111141453625,1.1127756619882962,2.231491906457358,40,0,test
-1.4169519589847075,0.5174560167326355,-1.2731253645484943,-0.9349324195468249,-1.8445894417350348,-1.99706745486192,0.42134774446152856,-0.6684750258096118,41,0,train
0.2754459798411753,-1.229302459903709,-0.282575316891177,-0.06960785290188143,-1.7475002533299167,-0.44851813770896043,0.47587379159884274,-0.08580110165604397,42,0,test
-1.6156918944416732,0.011446860056387518,0.10452848246869106,-1.1380041401951955,0.8948234745035554,-0.24768021484223202,1.695039881904459,-0.6201584892754196,43,0,test
-0.4902725324989156,0.2683019765515943,0.9175908307186219,0.9367778095403679,0.2703056594919476,-1.924760741030826,0.5632039663406446,0.7231813458393939,44,0,test
-0.8021030728768243,-1.1980976283986748,-0.9222192972458609,-0.5088590396787774,-1.2083968106635128,-1.6025247246562997,-2.8265908927374555,-0.6902171654238528,45,0,train
0.48623357428927494,0.4058753319668202,-0.0018340115926396283,-0.14263659541112295,0.6085023948815496,1.6765851120734436,2.821936307248207,0.2302419386857439,46,1,train
0.10811892309341149,-0.3923180806673603,-0.6938270606432047,-0.07732398265601503,-0.9793886832500036,-0.11310355492875923,1.6247401925370428,0.10883522557109238,47,0,train
1.166850615156025,0.7930101123683281,-3.174152658174409,0.37050550537876015,-2.452920887105603,-0.43437037207449103,-3.037851522314844,0.02608049682438791,48,0,train
-2.498278726894948,1.0715178861105512,-1.4636484322505685,-0.057475108820773335,3.877174906431972,-1.3918030471509395,1.9897025217982511,0.5238834188890054,49,1,train
-0.11300187546688772,-1.5460153722215475,-0.2295979226532776,-0.4441032327793343,1.428865454593805,1.636831001142109,2.827307607213486,0.07186971861862078,50,1,train
-0.16327663817181257,-0.48785730543381634,-0.9780663183135834,-1.7912786168269557,-2.0243658740035015,0.9095925694300458,-1.7503348793200435,-1.5923777850502234,51,0,test
1.8933696178028363,-0.06952192592514618,-1.502773375426524,1.9906670014474708,0.03252223158548473,0.14219766006406587,-0.7815874321485097,1.5171038047418863,52,0,train
1.1505734444828584,-0.7086027269761048,-2.023426674087505,0.9436168880701994,-1.287295484333256,-0.581269047833519,-2.911812546097074,0.4593971025487587,53,0,train
0.9740773564968247,0.863426696038605,-1.58111661584549,0.9790302367768737,-0.3081753253479431,-0.10048379219455994,-0.8492657789294646,0.736828620566907,54,0,train
-0.20481712398074658,0.2849899066696096,-1.2759679994622772,0.5322403551806092,-1.153162203102149,-2.1019452190930705,-2.853935872278376,0.11860710534297374,55,0,train
-1.1016039864092364,-1.4969969253179436,-0.27719170217763667,-0.7621210399786537,2.6253662242823474,0.7588990489750486,-1.2136083014900085,-0.5252654941871754,56,1,test
-1.5560593799055504,-0.6596267798980452,-1.1368944932751073,-0.08225255840906842,-0.05088714004553252,-2.1433624055848206,2.4564188992358966,0.29386974814022826,57,0,train
-2.5555146527796233,0.7983837661704185,-1.3986153962630128,-2.8699737376280465,-1.0699932424126537,-0.850766848864428,-1.9253760333851058,-2.3233683415106197,58,0,train
-1.7573097809866882,0.736238161686399,-1.5148446888609994,-0.3821943618772691,2.068853579059087,-1.0580167016712418,-0.19329312907416207,-0.06649620748414208,59,1,train
2.0550493527212774,-0.6391011060214395,1.3759409792269786,-0.6557387617037146,-2.732027704965952,2.563338212819822,-0.46158861498169934,-0.8208041196291905,60,0,test
-1.0320590016589146,-0.20957767870199936,-0.38590365958371675,-0.9584055252599282,0.3511910999190664,-0.0684251075796255,0.062268530599413174,-0.6622489350215087,61,0,train
-1.508412212266732,-2.2492641124808945,-1.368010943615427,-0.7187290729217481,-1.0731832788540046,-1.9563199578176382,0.7357240247917434,-0.4179434441742229,62,0,train
0.7197695726785814,-0.11586049536747478,-0.22504155815938753,1.0299234095798662,-1.5248691974758541,-1.5864282588787924,-3.131053948114861,0.3609082905581726,63,1,test
1.2036796583727156,0.4506121564666308,-1.4975816804032693,1.1213316663494532,-2.9284024883763444,-1.4168325883726665,-0.022408331145720606,0.7719413313745549,64,0,train
0.9220574030535061,-1.7316757320762812,-0.8873594751484148,1.0862488721767236,0.9912919127414395,0.36798130977589716,-1.453046290100489,0.7796589856538033,65,1,train
1.5745494824316546,-0.3923742496386013,-1.592117071307105,1.4924261480253613,-0.6450634806830199,-0.07551152544015083,-0.8936740160444011,1.096905523844616,66,0,train
0.8310061491276203,-2.1013385527787047,-1.651999368071702,0.6557247095792282,-1.070756393136821,-0.24295018535346935,-0.12787035882835585,0.5316198439205292,67,0,test
1.7715683706855372,-0.10670470755418232,0.37001271324558205,0.15999690858036308,-1.7746031131081912,1.657224589559382,0.8048617887417409,0.06413477517128098,68,0,train
0.5080132806986105,0.38966844234284437,-2.0931612830630857,-0.09044502955756173,-3.3545603508479203,-1.2598232941754364,-1.896089278418361,-0.32486953871339685,69,0,train
0.2706423192699867,-0.9697662971720129,-1.7310708766186744,0.38994831043234834,-2.1226479928369244,-1.6698775370808172,-2.530237364644341,0.018127848367685658,70,0,train
-0.8693070379037067,-0.30123552258197284,-1.200813827582524,-0.8564892437892258,-0.45561254569697784,-0.5076622582521019,-0.6293022774360343,-0.6502805395358725,71,1,train
0.4530147283231295,-0.7281503221675744,1.458059889332369,1.2345427746659752,-1.9434037432062987,-2.640670209449178,-3.673128142260236,0.3133591375858639,72,0,train
0.8828080826904909,-1.56762438064667,-2.9819397107280934,0.6612125367950112,-1.2885111524328456,-0.7531802445400361,-4.268934935616304,0.16950119538456554,73,0,train
-3.76891095687044,-0.29216206822851404,-1.8520654410075774,-0.6177007780056539,1.0440283436423408,-4.320751165127866,2.17400250812626,-0.00970988707292592,74,0,test
-0.812515076067194,0.9539525000140903,-0.4059524835131048,-1.2215205201462802,-1.9242756456599976,-0.6712886109764203,0.33641509190157126,-0.9658310071778821,75,0,train
-0.8633120452379955,0.0389294173874526,1.7204753062664269,1.118363075836631,2.715984135196664,-1.3070531916704065,0.7366479739817188,0.9685061886165862,76,0,train
0.44669134013999195,-0.9885300755706374,-0.872668273302858,1.7457924124144175,-0.4751500881777936,-2.19854278513844,-1.146189948696528,1.22776018124196,77,1,train
-2.2985226879213667,0.021823596237141824,-0.969067006198828,-0.6934802901011882,0.6542513806539919,-1.9793437378285672,3.0139091779125073,-0.0731535248623981,78,0,train
0.7318402711065327,-1.660989027618048,-2.061877381983257,2.477926041428872,-0.9257360826867637,-2.907746832084665,0.1308296046742624,1.976647936743984,79,1,train
-0.06369476587836678,0.5150975646941829,-0.6713912819853656,-0.11512038205935238,-0.6817416094456366,-0.1849577868594552,1.3854802412538678,0.0715111563279004,80,0,test
-1.5767398402567485,0.17647250291917782,-1.4907785051032532,0.3254289570925495,0.6559560955327579,-2.629833352824641,-0.15038968116866458,0.3870804849550059,81,1,train
1.393527100239054,1.1528810618202097,0.027769093975621217,2.1916831245369157,1.0142385530119964,-0.10656479923731688,1.6393313178298987,1.8829688729317489,82,0,train
-0.23071229967701867,0.6450834819251264,-0.6046695800842865,-0.04712826386426239,-3.0680271795659384,-2.281144120422776,-1.2076673884880844,-0.3021653986511678,83,0,test
-0.5136076472341158,1.1761495690578614,-1.6881659051840132,-1.1351844336759862,1.4826006437303232,1.8024169370116438,0.8178317974382298,-0.557690413577496,84,1,train
-1.6382713480006506,0.1699449049747252,-0.8377067813469953,-1.091890034945968,-0.5829138556314934,-1.3167012084264846,0.9334037266516018,-0.6870327915060772,85,0,train
0.9356973913709897,-1.5024384966055986,-0.37775263117937385,0.050198257943406155,-2.036052858006454,0.36361425271921843,1.2625896759599704,0.0750567194577969,86,0,train
0.9562605543563242,-0.40825250497630344,-2.3193161377696754,0.36333511315891054,-1.9413809114579474,-0.4766008151312702,-3.1414706898993714,-0.020280504160208834,87,0,train
-3.5547018451896886,-0.4755352783033716,-0.5639103040711808,-1.3789295723542887,1.611441046160111,-2.588703322071643,1.8135181310082267,-0.6851838990394993,88,0,train
1.3810145741348163,-0.020945194338600436,-1.1186931447331476,2.3659107919092364,-2.8592338548764746,-3.1359436450143403,-2.255587533732284,1.446995767227718,89,1,test
-1.5018818956722848,-1.6146446428731496,-1.0496437177242517,-0.3316682662182129,0.24337024829690102,-1.5148825105177934,2.504551891207536,0.1211079280795008,90,0,train
-0.8476570037780058,-0.015456112466140391,-1.568974437376196,-1.865225341381565,-1.5777530427953965,0.250836104604384,-1.142344091093923,-1.508702245275433,91,0,train
-2.452270215012498,-0.6119675729271041,0.04804774339730633,-2.070769315462999,0.8180095878636636,-0.4855610170877344,0.0851321705020065,-1.494457658865106,92,0,test
1.8450029774039043,0.892997553369228,-0.9234864976516007,1.9622586976835872,-0.04195595421165588,0.15324390512253172,0.09045177624027645,1.5444373424283635,93,0,train
3.638924728981468,0.21391171988399513,-2.600773457296429,3.6254317882737506,0.05864968240750967,0.693488627865415,-0.29351899655297964,2.8741697818890035,94,1,test
-1.5785270014367307,-0.4353128514215441,-0.6210340518806002,-0.8320785583972857,-3.2458349628716126,-3.499941670931238,-1.749517857783705,-0.9540689694424147,95,0,train
0.14670000311886885,-0.8833483674265616,-0.4293069660968933,0.6329542337878982,-2.4105630814114463,-2.145888193679074,-0.231431263756551,0.3413934828430749,96,0,train
-1.1979250049076993,-0.028626305933038155,-1.9479687626329567,-1.3688350355883256,-2.0434902118627867,-1.2647108333197818,-0.76184403039353,-1.0896940789676501,97,0,train
0.5532761173125507,-1.2746056015482299,-0.2137310084604912,1.129200903890729,0.9251284114597612,-0.2714857567845842,-0.876386994495401,0.8250222525043034,98,0,train
0.5334606975312385,0.40034390471995773,-0.8537892135535893,0.6400417153563337,-1.5583823973877926,-1.0016100064851499,-0.12213691710322316,0.43648235196884744,99,0,train
2.2008371463277783,0.5843782880685877,-0.8010566421868124,2.189109694602339,0.1275331354362319,0.286385191118265,-1.8322928191303216,1.5063482044669951,100,1,train
1.8446168749700012,-2.222044239878917,-0.8216773045755557,1.9826718963452867,-0.802119084293116,-0.4375275948869986,-0.8205561837197146,1.4090859660723856,101,1,train
2.1610014613645396,0.502469216347371,-0.5059441562148699,2.1022950991144698,-0.014257394236082854,0.6968004708514027,2.0486230436088753,1.8318170683423112,102,0,train
-0.918789925059762,0.96596309306491,-1.5775677487333897,0.09138031443001493,0.06530790729080971,-1.3764385951073055,1.6743973994676171,0.37434428501103406,103,0,train
1.8785787803971572,0.5268056371278298,-2.042026208976303,1.2758702583845407,-2.0957357336052187,-0.11958539680423208,-0.7141349878173295,0.8971566583039087,104,0,test
-0.5080198091350224,-1.7260961525922784,0.47408990949664986,0.6924437038702808,-0.024064705949782494,-1.891179947495934,-0.46997318678526684,0.4410850351129389,105,0,train
-0.5171684069188524,-0.7341051053891974,-2.4057513909640953,-2.403369553953408,0.45657837581130417,3.163065091120611,2.1522395412147812,-1.3812902779070364,106,1,test
2.6345238978141934,0.27084415852363486,-1.1005109431814994,2.193441225206744,0.16910420815811833,1.2852145081100446,0.6101264434193207,1.7949921149511672,107,0,train
-1.7527509622745638,0.38253401847826585,-1.709933133686413,-1.6059884375022522,-0.5549130342814399,-0.8300233127885874,0.10836903233057438,-1.1001350826675842,108,0,train
0.20927682729435593,1.4925470579482327,-0.16582900490381725,0.955387259482809,-1.2810187185853599,-1.836859302183362,-0.2732954776155,0.6279324889599543,109,0,train
-0.05692561765987494,-0.7977207992325859,0.5857459053096677,1.3222858469351104,-0.44068851592065605,-2.111952536781054,1.3719018197090969,1.0811508576447804,110,0,test
1.3605110043040398,-0.3805296924968806,-1.895030410535148,0.9328160095417961,-0.3408110645062564,0.42292625942683737,-2.194664485034958,0.5739390175866592,111,0,train
-0.8374598087884341,-0.9762670144296055,-0.7808250434448973,-0.3561444167178077,-2.7357900965124387,-2.7976710841365047,-2.8115849779348343,-0.6729908347296298,112,0,test
-1.3294331975154012,-0.1179735184049229,-0.2873665812836378,-0.3120640682618405,0.5389371330123106,-1.2925389751329448,0.736288459737422,-0.09419408305793975,113,0,train
-0.631592738867098,0.4720167787086898,0.5835170937978372,0.7367855087555487,0.836106190454507,-1.5946222795358929,-0.07831881806793384,0.5607844926455225,114,0,train
6.004000130269062,-0.02088136883990571,0.7857459799374579,3.029279380422726,-4.316907729491819,2.9985659514617278,2.1879671189772596,2.1737226022307876,115,0,train
0.08212169396163305,-0.2405824604933755,0.3374517513978402,0.3734752420210955,-1.4931853360267935,-1.1104826603566917,1.7318151096771324,0.3572577893995497,116,0,test
3.309526450658253,1.6730492391560903,-2.4318123589831875,2.7341094613017862,0.42266345439478126,1.5257197136462848,-1.496622531162398,2.0813750910615454,117,0,train
0.9961213593651618,-0.9223013476102624,-0.8732197564642832,-1.4061928216274953,-2.367988736504916,2.1362870211484353,-0.7538410176769096,-1.2293905076098193,118,0,train
1.6667200488798384,-1.1440113290479192,-0.48403957874842124,1.8330059659874178,1.189718644040921,0.82402809192329,0.41403042565815606,1.5240476529717648,119,0,train
1.0538428189357298,0.26801136781500007,-1.1348407681304553,1.1643383865104657,-1.3704631992772576,-0.8901315903012675,-0.9302661965125599,0.7729828346924692,120,0,test
2.475943457077129,0.657392514438565,-2.603441615288358,1.7962602525707674,-0.7705004829607582,0.8618898108991647,-1.0487191126085083,1.368598565228425,121,0,train
-2.3502882318303935,-0.25748651983837645,-1.3763724329199643,-0.4298870331711778,2.9930949088260905,-1.2753587629864054,0.8633221126636249,0.06073183738921586,122,1,test
2.2524650553432046,-1.8857529738927012,-0.032284758599822605,2.823875417530007,0.04499939914150797,-0.11738842472483257,2.452836199952048,2.39020731473431,123,0,train
0.005922498711660557,0.38262009024493165,-0.6419084638740293,0.3174591892487656,-1.541613576205175,-1.4427798417206543,-0.655341722586124,0.124341279314854,124,0,test
-0.6734425959552238,-1.4375630661468586,-0.8303784892588835,0.40355814572386184,0.966119886293649,-0.6973770349717809,3.417223623309635,0.7968982480788485,125,0,test
-1.416306665088789,-0.5167596527520687,-1.3615018973379391,-1.72404294477779,-1.5831758829115339,-0.7522112899031748,-0.027611298978005516,-1.292236106617598,126,0,train
-0.9054553304221651,-1.8197237762580982,-0.09830167421792435,-0.03285144233986659,-2.328833722217703,-2.904063592021401,-0.7667403312960283,-0.23148964963163604,127,0,train
1.2082777436115477,-0.04331331300379496,1.8309021528615865,1.4307771445644946,0.020700754392026788,0.1016059479153717,1.8664941964644828,1.145329588388592,128,1,train
0.5200882832650402,-0.4915185917440389,-2.80963356988652,0.03520739885876323,-3.51726529634827,-1.5528881272387498,-2.252474170684122,-0.22665147390330992,129,0,test
-0.118903384184023,-0.17588331951483327,-0.4881923874444606,0.2653191495820765,-0.649154922855687,-1.1793996045403858,-1.9403801182117637,-0.011831944745334036,130,0,train
-3.6874495278678743,0.4721229689814963,-1.7732262528572595,-2.3089313247251217,-0.5776155692120938,-2.9151547780948794,0.5235115979594551,-1.5695544266661332,131,0,train
-1.1056976990256062,0.6021166855387783,0.3027651862386108,-0.47270349756494257,2.0361466555031407,-0.06661095976281783,-1.5912725503273917,-0.4236099242949898,132,1,train
-1.4595966783076162,-1.391919070206603,0.49550844797644744,0.29728650723347105,0.15621042529068785,-2.7259156677695247,-0.2213031850944096,0.1851507978002403,133,0,test
2.28299950335654,-1.1115546446657985,-2.3945943010729556,1.760658913303549,-1.1356764729638167,0.29027809288866846,-1.8392693112083016,1.220920654229881,134,0,test
-2.136612128277196,-1.4825910908424875,-2.264354858524054,-0.5380964218727063,0.11510418322931681,-2.3572816929101488,2.09573907131891,0.004992063973427083,135,0,train
0.598566095360793,0.07981991465980937,-0.004625494231320637,1.5188850549945128,0.4038980341672528,-0.9786969255648049,-0.025375223671538105,1.1658950095488068,136,0,train
-0.47789772369130995,-0.8116577025947909,-0.11854359239377887,-1.1022569744930737,1.0384416656208277,1.5941870062746428,1.371618227982054,-0.6119629438340081,137,1,train
1.072642191482403,0.5201797139864811,-1.3571707396506465,1.5379583709941684,0.5235335817554869,-0.2797132098136196,-1.1319997925267067,1.1611831221173146,138,1,train
-1.7327624640851103,0.23771101785606544,-2.5533004221656936,-2.3038027109019463,0.7533232531227366,1.0417395618285368,0.465324719990419,-1.4517655068478106,139,1,train
0.7746610231981361,0.7919029058616454,-0.4595741858794308,0.9651042072791081,0.225915670622986,0.055664261762934264,0.4601508302805791,0.8205157451899175,140,0,train
0.5625507625102498,0.258317048794123,1.236337115411879,1.2222798937568227,1.3336784255334277,0.3322552599653119,3.4682618072278344,1.2859203338488783,141,1,train
-4.255519628328067,0.5223787139106533,-0.9477704234229073,-1.9229739302240243,0.8370420115030622,-3.452794594719268,1.3600164759844002,-1.1587795689151958,142,0,train
-1.8891593321057725,0.3044428318264308,0.10924737874271873,-0.2851187822458149,3.20803205560388,-0.7312208466893227,-0.10908698600796929,-0.0324940303580356,143,1,train
-2.0629260051667258,1.1124715882631195,-1.0522190400882663,-2.5164456950190837,-0.8680490874746205,-0.36735747188302503,-1.2428807733333547,-1.998600112265607,144,0,train
1.5226528601242824,-0.23831013876706708,-0.6625644026682572,1.5687187635826474,-0.24623155708420275,0.18092300240926995,1.045930877035346,1.321839853012194,145,0,test
1.0364708449900806,-1.1220697728652151,-1.0210250263512726,1.136735624470751,-1.7170125416468571,-1.2304351109759248,-2.194043441036915,0.5867363138039253,146,0,train
2.0357551167781414,-0.1660531780587345,-1.5917354174220038,1.8945617589195085,-1.9651805834131197,-0.6528005568662836,-0.45745124294727374,1.367142876968914,147,0,train
0.8594095983869134,-0.08193541384368917,-0.4353765264841798,1.6953915963228283,0.11943606583224053,-1.0524342054298197,-0.6858221426842127,1.2401320043632515,148,0,train
-3.998502816492407,-0.3769934767504697,-2.1153244886736116,-2.8050178492867457,0.19517389580220146,-2.3349728552647258,-0.3504409041776907,-1.9670800350066766,149,0,train
0.7064410601877336,1.009486588842341,-1.4105827331269016,1.0266944610380928,-1.1674353858675544,-1.289799157923048,-2.350384462121819,0.5493388747692161,150,0,train
-0.9817899150073125,-0.14636702372750904,-1.2013526748668646,-0.8718398501686359,-1.8724674303578261,-1.7625626858666026,-2.7837864428348227,-0.9779144704838091,151,0,train
0.4640377172080386,-0.48608917456136136,-0.7712747670165654,0.017446824439782405,1.6259321145583727,1.4893998175047303,-1.9597273050153046,-0.05125669791553221,152,1,test
0.38530433606003966,0.1492151085463291,-0.4054451172624811,0.9460400560528983,1.2519324353518901,-0.1277433672539996,-1.2877901405754886,0.6761691610139283,153,1,train
-2.3983992759306174,-2.398677603559609,-3.5084166900196387,-2.5547098002780397,0.9928674921706482,0.6922185113219053,2.361520577292165,-1.348580283182931,154,1,test
2.2087161746469737,-2.0359460892947707,-0.044594778577773275,2.2622136256233767,-0.6679354275782938,0.2306444292874218,2.794237702024741,1.96154055088504,155,0,train
-2.390622267422854,0.7937651609455237,-0.9784076730150025,-0.6990351549869257,0.15279267605304747,-2.5824982039960562,1.589617790858945,-0.25985011489897863,156,0,train
0.7088652294656731,0.5612432567874511,-0.199713885028854,1.4262222048809137,0.901604763993357,-0.2779269117154495,0.752965206679484,1.2226570745727983,157,0,test
-0.601086822497631,-0.37211568561078584,0.05741747988988122,0.4101532153704256,-0.3735958798689847,-1.9131031003246433,-1.1029450513213606,0.1690020132719487,158,0,test
0.22342635730419075,-0.6797167149442126,0.36708879470917866,0.8699391084242936,-0.30069811415308345,-1.0691063633072273,0.05544031935210403,0.6183059321114593,159,0,test
-2.1258077745032185,0.4372291065812883,-0.21603030951845037,-0.8681176161394385,-0.975366217446953,-3.0840322472520807,-2.7411257638857633,-0.9800357421458938,160,1,train
-0.062417789177541046,0.09041972201756476,-0.4665481820726727,0.6030157643978985,0.0972873756270628,-0.5181354621957986,3.4459951606398063,0.869095452769988,161,0,train
-3.634280355249306,-0.2293145967118109,-0.9287769298185699,-2.1210162053904282,-0.6243656791354864,-3.0946735631926447,0.8843856505001809,-1.4521171421087111,162,0,train
1.6559741924128546,-0.04731011534379475,-2.2718723500803666,1.5554918965292974,-0.9421439867710882,-0.33708115905485037,-2.045801546919375,1.0505239614511457,163,0,train
-0.5763175242866999,2.799063197616488,-1.2873185397641485,-2.0884311696766225,-2.707919386833439,0.393727357103529,-0.5718288577139786,-1.7045436296628231,164,0,train
-0.028955477300542452,0.2815134369725758,-1.2516871717730975,-1.103145048921437,-0.5377074148862746,1.1509285331016055,-0.6985977393036445,-0.8516654248890045,165,0,test
0.5636973693732787,-0.8137069540506094,-0.9154806284814812,0.10147686998786509,-1.4780806980742216,0.033575570445164904,1.3120783135006409,0.1934187879337352,166,0,test
-0.96943290472894,-0.649866140211731,0.6322598832659946,0.13360634872500132,-0.5102970227237195,-2.143023596068716,-0.6128776235123141,-0.033746279596388686,167,0,test
1.6146051883655894,0.5801431483852629,-1.4626557439789796,1.4651391256963142,-0.7867007997480036,0.04920340214565022,0.05413134848396872,1.1609986553665455,168,0,train
-3.7235205841725154,-1.3136833804205998,-2.0169030278519435,-2.764082733000115,-0.9818176473395167,-2.618917852743398,-0.00860845391671694,-1.977525357223842,169,0,train
1.8742293226190283,0.06622107280914333,-0.9924009763787859,2.190389045410934,-1.2569121625045263,-0.8549961831754751,0.1165569364927731,1.6529563512454153,170,0,train
0.9221329087740848,0.5434812672054291,-1.045953747646874,0.2019905384667463,-1.3153912360112072,0.591824733101825,1.5240057060691041,0.30874883926755636,171,0,test
2.5285603039732076,-0.9070335306101127,-0.3858831703253299,0.5932277849327495,-2.288695601627961,2.014171611326258,1.319950708614782,0.4660968948102095,172,0,train
-1.9643961819778006,0.10395052661018117,-2.0204126002819174,-1.8403209925578619,-0.6313269667341994,-0.853785620226131,0.32532779243253174,-1.2345422109826805,173,0,train
-0.8081678067092795,0.43482188574590186,0.5816340274298165,0.10908199096643723,1.1729806972845287,-0.5899142608463416,1.552009261553613,0.28387360761172076,174,1,train
-0.9598791269396636,-0.9453012205686901,-0.29820357996146063,-0.28128871744491457,1.2150874439982613,-0.1295279337505265,2.5321080749822795,0.1615461755781151,175,1,train
-0.4223627397038784,0.6402881886851703,-0.00013923888590172684,0.617186673361599,1.4172139924334224,-0.7984349397753193,-0.6928261850425286,0.4783948549323981,176,0,train
0.44178606933606257,1.112485499704207,-1.6123193222561771,0.46878141431365394,-1.7546325917769283,-1.315090941042899,-2.786417938754722,0.061918022109923435,177,0,test
-1.9494883438212387,-0.31634231421578934,-1.7452249251607515,-1.308966679965828,-0.6030703330963891,-1.521068865887678,0.8511392245745553,-0.7938798899288805,178,0,train
-0.1631638408730279,-0.1898722405042505,0.07439881512451396,-0.3190987952925307,2.2081815193819083,1.822453215541549,2.6584238609620985,0.17258787795643804,179,1,train
-2.672449299786107,1.5271647349393385,-2.6223056861362957,-0.606515061378875,0.3046739379314135,-2.980050799718891,2.350633429157119,0.021638019784277478,180,0,train
-4.100209256328734,-1.7015131778815937,-2.900495161246995,-3.779563866158686,-0.20349389997424472,-1.5656208716315687,-2.4504049985494216,-2.8980565996797147,181,0,train
-4.70719636999257,0.5190433416491317,-3.098540285317695,-3.7162845293467406,-0.7740925140219241,-2.8544326376263056,-1.3329313780225336,-2.7441224280926373,182,0,train
-3.7698841076779734,-1.167938072627015,-1.0318888672032593,-0.002558066762374245,3.0744304522996337,-3.697458552879383,4.809215030438243,0.8017946418023015,183,0,test
-0.8118769579538913,0.1945589859951024,-1.7727370128674536,-1.4757916240340596,-0.3201294796997768,0.18080673358486277,-4.024533532903775,-1.4378584686963582,184,1,train
-1.3101535799879884,0.7631486590455258,-1.4855379678223222,-2.3580600589362337,-2.0905319555566804,-0.1011199283375106,-1.1789125979227362,-1.9182801933502618,185,0,train
-3.2851577504252614,-0.8853592581034148,0.3572964051030928,-1.9410891808819413,-1.9727877062170807,-3.8810904895726392,-1.5098885647736573,-1.7497566089167953,186,0,train
0.9866726634992846,1.0826188933350844,0.5354925642575429,-0.14057726126172543,-0.9592345326314966,1.4826022537429657,2.347646065646343,0.04579215117792393,187,0,test
0.13433818350710133,1.4188546689744934,0.9830239016432215,2.0066164861711258,-1.3551109324969062,-3.700904024517902,-1.815763102743143,1.1696562190973625,188,1,train
-1.357792527930732,-0.16103646550765816,-1.3127503164888517,-1.1555862793442393,-1.303155479963478,-1.6324500301929152,-2.901775563672317,-1.1610260963610841,189,0,test
-4.0795368411646376,-0.9942636369777205,-2.4755929388029427,-2.9774353553366604,-0.670841323511228,-2.7651296263774094,-0.6146640395937822,-2.150688452579144,190,0,train
-4.122664142143034,0.8855465106554584,-0.8646808469737964,-1.4809623136996786,2.0937112477464517,-3.043834572102737,2.030562927174877,-0.6846861722029176,191,0,train
0.9878095053077308,1.6847990253083427,1.393459602572341,0.25019137719980333,1.790186575444534,2.649329200732991,3.075589473576963,0.5206238691163348,192,1,test
1.2010063504511166,-1.0065731255467774,-0.8324594573923331,1.700997541569345,-0.535697731592051,-1.0222740869747742,-1.7873067710399075,1.1124748050933397,193,0,test
0.7256396977064682,-0.06890906781777216,-1.024706911837328,1.1080964424564144,-1.3690208932260446,-0.9378872949878658,2.6385673122166358,1.1115991092087363,194,0,train
-1.3554692742616143,-0.6293963450055086,-0.8602508670486174,-1.657416021906669,1.8940570547773485,1.187955043241045,-1.3460731793616483,-1.2161803813723127,195,1,train
-1.5408530832137448,1.464260290965293,-0.827930076522463,-1.178750000660855,-2.262006572595323,-2.574209158329811,-3.770304967092526,-1.3626229222015362,196,0,train
0.17155666896569718,1.409851312734136,-2.2990285967463593,-1.7100445148779768,-2.585917773308786,1.0547790806520871,-1.3412565522195576,-1.4272828261398887,197,0,train
-0.9153433137211011,-0.5163704956720466,-0.2331114860120007,-1.369839386407407,-2.332548042532513,-0.9855207629899365,-0.6776659538196078,-1.2235919392775731,198,0,train
-0.33161728444352984,-0.5022956400165995,-0.042468827074564675,-0.7880622909307484,-1.5956708575171175,-0.3018702576795289,0.5227674485718758,-0.6280258367225046,199,0,train
1.245131919333457,-0.22563474306186176,-2.247860729867845,0.36954189667539283,-4.181254818228551,-1.3009394650622148,-2.569331836385891,-0.09284983120571126,200,0,test
-5.322770672021065,-0.42746392873734823,-3.3847153990824763,-2.7695909293484693,1.5136560063533375,-3.6095211376810203,0.6748107426762848,-1.6507005813132618,201,0,train
1.1716280092003009,-0.1120449266389565,-0.6993530020770569,1.852214316098773,-0.31551619934906017,-1.0712929112532001,-1.0328013371090377,1.3122151690507928,202,0,train
1.7526872343800637,1.001912625264242,-2.4840479906318853,0.6986436239098193,-3.218467049559017,-0.29658703352061677,-1.8969936997054104,0.29891340449113396,203,0,test
0.8447140344219476,1.1192007494341862,-2.1813186893861833,-1.3035031647043036,-3.1119315929031184,1.2405306375258562,-1.349167780978806,-1.1649959466115265,204,0,test
-1.5407289348570798,1.5369377479211566,1.0761598899861693,0.13277503939661284,1.2598405539747235,-1.9681996928893408,-0.2774535888180021,0.07856240053246545,205,0,test
0.5562630549762674,-0.41077530989662975,-0.4807783208521466,1.779369686921287,0.8125858295903234,-1.2039309775742955,-0.305582643306772,1.3911613362722388,206,1,test
0.23368744262307967,0.26185046142589397,-0.24554918082204913,0.9836957485486657,1.1187330411792895,-0.3995329430200433,-0.31835390478104475,0.7914362124440356,207,0,train
-2.3242984190561473,-0.22247280615687853,-0.24994168318281185,-1.0564361944078409,0.2369447142034441,-1.8491103317448245,2.185490521247584,-0.5134808979410892,208,0,train
0.011478581697495813,0.812618779930722,0.20695858598827932,1.0765303499024492,-1.0865491434788588,-2.4444355816001244,-2.2821207231401393,0.48808932677278266,209,1,test
2.6008753586430444,-1.142317146989938,-1.5305552378472658,2.397780888034506,0.27309866782490555,0.867854776845265,-0.5865309781064905,1.8571863805169504,210,0,train
-2.2116154042153187,-1.4494182238753222,-0.6571952396674754,-0.36195667873440784,-0.31302339187818706,-2.965639732625529,2.436814014284678,0.03505827235779427,211,0,train
0.7064626922296392,0.557179000268344,-1.1010693045763547,1.2367797562372838,-2.5624198626243717,-2.2998487205404214,-1.162048258751426,0.7325304750713061,212,0,test
0.043712146461627854,-0.8303710108872269,-1.1028169684657352,-1.2452785538301914,-1.5718736266199347,0.9777425305654531,0.43328017376949723,-0.9087329135886153,213,0,train
-2.76311293764728,-1.6562300137472836,-1.7646218995106726,-2.393397987067286,-1.309905370294248,-1.7879807223390993,0.07947033117955316,-1.7320566041792658,214,0,train
2.819187761823958,0.5890444233735049,-0.18567845325181087,0.9140090900663479,-2.3694068288898293,2.0707869422610568,2.193658407125395,0.7821226259657171,215,0,train
-1.2290883370194403,-0.7555701916711988,-2.338351753375411,-2.719869151949337,2.137305911101299,3.520482471481668,2.540572502633865,-1.479222861355235,216,1,test
-0.34758459663848046,0.74469952708777,0.1882981725611127,-0.449319607106065,-0.5285717070142232,-0.04823265465067128,1.6553847917040132,-0.2026842590453735,217,0,test
1.4767167763162623,-0.2619158381080134,-0.506246390123317,1.8089245040755237,-0.8009680775761651,-0.5484870476066461,1.2749743941674607,1.484756030258568,218,0,train
-1.3558390418961717,-0.7969561107462287,-3.3762597416691134,-1.8868824299508786,-0.17245917352576023,0.6962234309074509,2.1872477479127284,-0.9480868218212557,219,1,test
1.1787038502515643,0.7032553162525581,-1.3529721288918046,0.8795533931841532,-0.9823930206653454,-0.10509772249289129,-1.4842562000279282,0.5351898182098894,220,0,train
-4.5452135236284,-0.8747166862108263,-1.8491310249977724,-1.4391994854557801,1.7386504827174547,-4.00972798166395,1.8785553335384282,-0.6167041894226563,221,0,train
2.0038192759471998,-2.067299277611368,-0.03739846034532068,2.834757201188987,2.258519717507044,0.6360833911794815,1.0391530262735094,2.3779320006637996,222,0,train
-2.6963498755173783,-0.06154983515607814,0.36470013871241147,-1.68904698588479,-1.3236647735973275,-3.07132835839675,-3.0211502651447146,-1.6893887108898162,223,0,train
-0.041808212808866714,1.1991759375377364,-0.2968380859452795,0.476498680921229,2.193434789312564,0.45225885132494914,-1.0228460176888206,0.40051065568315536,224,1,train
1.414403221038633,0.15785984642178982,-0.11659030719441421,-0.07032197337023083,-2.026642401944736,1.2162911280004516,0.3849210007355539,-0.13286792570647607,225,0,train
-0.6260568156058351,-0.8533725803215895,-0.168732009907971,-0.0832233021050589,-2.89311180027505,-2.788091196881239,-1.3882328295875572,-0.36714592825336995,226,0,train
-1.0603462721517711,-0.5552559027225457,-1.2799693251934725,-0.253366692215799,-0.5983054995780916,-1.5057142684908034,1.7187756627643909,0.05893724945116851,227,0,train
0.8098743547552297,-0.6941420277214502,-0.5243085352723977,0.9191001528824387,-2.170694376043028,-1.3612592680839937,-0.42354830270900673,0.553145994321353,228,0,train
-1.5062821957473738,0.29691639218282556,-0.24731736447750574,-0.4300029084798377,-0.06661829127462959,-1.6657652827917235,1.690388983566025,-0.11732467152614379,229,0,train
-1.9735808285108567,0.05206040223790908,-1.5782892389041612,-0.09236537164564074,0.19917417823593786,-2.523510775989562,3.58001520637192,0.4574142929728258,230,0,train
-0.6341910400124675,0.1273164654174588,-0.2602620719728669,0.17622780150208694,-0.8675965113339922,-1.9939945365222886,-1.723586877700606,-0.08122327352952655,231,0,train
-3.145853857146436,-1.5337364246300405,-0.44195674072700347,-1.7337238595607478,-0.27095644285962883,-2.6388911798914307,1.0164443145434583,-1.16256391240541,232,0,test
-0.24639992805405825,0.08946843317394697,0.1911557397566338,-0.6833817579960721,0.6063716754972962,0.9356986025035104,-0.1118964263859058,-0.5052226484639172,233,1,train
2.1158398318280707,-0.7381089756248984,-0.845629588503628,2.466721462949153,0.4453078251179746,0.2468984623695839,0.8843329096890603,2.0331549088261545,234,0,train
0.37194432638897046,-0.7336932844021462,-0.2135599610217992,1.4244076275205964,0.4931324284114039,-1.1493536055145241,0.01485561385085954,1.1207076196495582,235,0,train
0.10539381303686329,-0.7819163413261588,0.09140487557768695,0.8482045050553055,-2.269858484789308,-2.3562250916377936,0.5359587920602581,0.5585291192161241,236,0,test
0.4608575938128846,1.7647620933378694,-0.6702757316655424,1.0191933263178754,0.6658441424740736,-0.5243448644401641,-1.8505467301843619,0.6544712524340056,237,0,test
-0.5841257693061989,-0.24006255952520344,1.1192608022701482,-0.612013295086047,-0.7024070068669108,-0.332075363677959,1.4559811493402708,-0.42272701193316226,238,0,train
0.8144798333663379,0.6954556677955582,-1.1460754452973716,0.7121859350176075,-1.7430939508748637,-0.869099668931299,-1.096901514271394,0.393519410425769,239,0,test
4.393884116145901,-0.7979437313076047,0.11965866126481706,1.9279166561857801,-2.768123051395533,2.8805745096305384,1.8735151832368133,1.4574487976035602,240,0,train
-5.133546985950889,-0.5027271556436712,-1.0188704781104267,-3.7028929221099665,0.6073797605209929,-2.5560200154959745,0.4012457297595414,-2.610980845003313,241,0,test
-1.6255922625426027,2.1234659250887282,0.23443529509467498,-1.0531451359549573,-0.19576723764926407,-1.1370395375912115,0.8599285870002484,-0.7199639225253317,242,0,train
-4.916368012357658,1.7446619195261404,-0.21832384525470083,-1.1344755265436335,2.1431321274519033,-4.695958278448391,2.983787419027406,-0.35707290396347524,243,0,train
-3.5729465978300787,1.7067134250488898,-1.2593157080913486,-1.5562173379084578,-0.11546182297363983,-3.5003487326663216,0.8802404692817705,-0.97207346012741,244,0,train
0.3507289890516782,-0.3386345749385151,-1.1898700703285114,0.6427961417329742,-0.9259280619512771,-1.0315726668446172,-1.1287343674973755,0.3922692808975792,245,0,train
0.509112122692829,-0.5718314257717789,-1.1562701617451332,-0.2711881947536021,-2.013243226240226,0.11941200616241521,0.9318506491076888,-0.14349690864331568,246,0,train
0.9004409272424799,0.6141618025340437,0.7954897492830616,1.6755224501108081,0.5391879692891103,-0.368668155019382,2.393428171787927,1.4946961229561502,247,0,test
0.036336715910059075,-1.6597950094300349,0.10466146179454527,1.2134190877012334,-0.29035990863924543,-1.4953029121972017,3.2712410407910464,1.2472797486240113,248,0,train
-0.08896544209612492,0.009854402092166302,1.778252497541919,1.6935207221975692,0.9905956686525855,-1.8530146323710064,1.3316077249457194,1.3565222306964373,249,0,train
2.457969060206782,-0.4434935871806164,-0.40359958998300993,2.5345074303610104,-1.2101609490399778,-0.667567114641585,-2.406581241066158,1.5961407316033585,250,1,test
-1.0848009630978626,0.3627329150277727,-0.6379535676337387,-0.8799158376587952,-1.878090946195203,-1.4301221743546875,1.613001520542771,-0.5477903462519861,251,0,test
0.8650217407427073,-0.6571408689719348,-1.4391335453034448,0.5240081870391139,-3.0180002452546577,-1.2110866326640968,-0.48356640024077474,0.263167112282921,252,0,test
-2.11280940726555,1.2664839824760286,-2.1391989218101912,-2.8233389316703517,-1.4660081546838017,-0.35416871538537187,-1.2269843677215562,-2.1858182402928654,253,0,test
-0.9948435168541222,1.1165334536518716,-1.3342361447951236,-0.6476618483731094,-1.6960741937877597,-1.6289022809042952,0.5000434031187915,-0.4325968987084318,254,0,train
0.06855437442680991,1.8034540460454935,0.75548333853891,-0.7981400159685309,2.1238972392677375,2.5998855428543783,0.6125985137349297,-0.46693845526497435,255,1,train
1.3287115233748799,1.0187508935387461,-1.0071949346220852,1.413854643362622,0.12744878924430914,0.25592740600649166,0.4970726445078083,1.19343489931564,256,0,train
-3.7677407050272222,-0.36944386356623654,-1.4073102621307623,-0.2215694909007363,1.8285211513917403,-4.312678180323113,3.1398386909422378,0.4088250821922132,257,0,test
-1.9816296890519054,-0.3240875078707893,-1.1156735761277026,-2.4527268594347778,-2.321328498830992,-1.0501633099011338,0.09291620060491235,-1.8873866157076562,258,0,test
0.9634274480681327,1.4350598096331744,-1.4644820236902782,1.2315243228457389,-1.4631491919850643,-1.1973206921512163,-1.030459159202107,0.8318202097279848,259,0,train
-2.357326302391086,-0.6845927567504859,-1.2360793103919685,-0.3896551772946001,1.899101920718871,-2.0405248799063886,0.5373389553079656,-0.018645821686442115,260,1,train
1.1297213981490495,1.413387301203963,0.344271203693329,0.12921611924156606,-1.4585196194167545,0.9830420094785451,1.9574600817189562,0.19086159375205775,261,0,train
2.404346909654916,-0.4201431725183414,-0.8974607259228145,1.7068168628038558,1.5792945008983519,2.2252151014197668,-1.4682670935001005,1.2719756396792294,262,1,train
-0.9321716324403947,-0.918750202392267,-0.45761753445673126,0.18924624296860515,1.2141167931025203,-0.7975250468108972,2.212819141619963,0.4940582649472439,263,0,train
1.4082331397181744,0.8297349122342127,0.6042342814806289,2.8282575213908467,1.679608125420315,-0.4712658705205516,2.8215574501511327,2.4902347395820317,264,0,train
-1.406503404881407,0.35354344671185656,0.573694324502435,-0.191717774068755,1.293626505907485,-0.9761025182424893,2.2291040899783536,0.14173854761816698,265,0,train
-3.3771651161250844,-1.2296469427192538,-0.7147462423772776,-0.8452071085055155,1.2705384938046937,-3.198599667798861,2.4790746568017648,-0.21993660783816288,266,1,train
2.8795546072237337,-1.2950083841169724,-2.2360764777545317,2.3071915346276826,0.07778843802558755,1.306870885681839,-0.8643496342607913,1.7957001049581565,267,0,train
-3.3682332910283725,-0.10025723557640827,-1.6896055798661935,-2.816401980725936,-0.11350249573803906,-1.4702712358073668,-0.19408148769405453,-2.0121143844630747,268,0,train
-0.4373992103876621,-1.0841633767953502,0.03441289753479071,0.8702159126741973,0.564129994525097,-1.7572153308655296,-1.1961106476388905,0.5626195648630551,269,1,test
-1.664253938459925,-0.3175666915103231,-0.9292473678186158,-2.1521940805056885,-1.3258141037052955,-0.40786340786784697,-0.22156094156953776,-1.6511655254337896,270,0,test
-1.415281580638103,-0.7987763181926779,-0.019782646191005893,-0.5827331007483326,-1.5126824217945076,-2.583065155167418,-1.9711507169507918,-0.7317063754214582,271,1,train
-0.7144842004291486,-0.10494656163369476,-0.9428990390897058,-1.5412296635233744,-2.0864179563291727,-0.4025611841066109,-1.9480006628431807,-1.4268193488797791,272,0,train
-0.48857255027490804,1.947765921858077,-0.4385852585388719,-1.0736814163315507,0.4556451528618425,1.0931426980072254,0.5290808005777792,-0.6928981432562386,273,1,train
0.5021915044792882,-0.1077171651131764,-1.7292119375709452,0.45818939814803866,-1.1783799413517415,-0.7605090023144686,-1.952846796610673,0.18611718154800808,274,0,test
0.28491116610208067,0.1546981659713635,-1.228135242926048,0.8574354085791769,-1.2701984606393595,-1.7820059326285913,-2.2645897428511574,0.4145195405821767,275,0,test
0.013429771333313495,1.1046871422712823,1.038924213814313,0.986468778518138,0.447867902041856,-0.9178555819912705,1.960060333858055,0.9101582703907998,276,0,train
-0.6948250776632098,-0.3647577768769045,-1.8259123522303033,-1.069884407586155,-1.7316928618545155,-0.5555022910157199,0.47147308642272606,-0.7240310875858117,277,0,test
2.4412531954169294,-0.8523533862165185,-0.259005540835859,1.2776126211655408,-1.6847995579461963,1.3097161809906237,1.8564206903977323,1.0689857744509625,278,0,train
-2.827126386586878,-0.025401985875532836,-2.1575276256546503,-0.6968340428699634,0.3118183146896353,-3.209129883860967,1.384562535223124,-0.18315893619749507,279,0,train
1.332280075563278,-1.43292834203352,-1.4759864087965475,1.151648854667814,-0.8985292996867761,-0.16660796287224988,-1.2158081911188467,0.7827376199208328,280,0,train
-1.4490442660485452,-0.8557898906199728,-0.4563548224990596,0.1566293380025071,2.2774712623569116,-0.9249876264147817,2.414298437307543,0.557555945152821,281,1,train
-0.17627401217982414,-1.3598759504248623,0.5270800530085579,0.5712554586520474,-2.3895630033527437,-2.685830594949775,-1.2082184180092073,0.12381961249624195,282,0,train
-0.7514528667569299,-0.3277600087372495,-0.25838099109203294,0.14907634541335735,0.3243948018542623,-1.1574953520087976,0.6742004949244123,0.22894442297768194,283,1,train
-1.0059147919597993,-1.7838477832939337,-0.8286730547448549,-0.3589723683283528,2.7746917545016045,0.8061036403192811,2.1397630466648825,0.1906329756953093,284,1,test
1.9495134534440097,-0.2680411724745198,-1.5224687495333717,1.911342797384374,0.6951665640708187,0.6833988299064261,-1.335950509332846,1.4371098563752396,285,1,train
-1.48772325851784,-0.29458820034392674,-0.24334460043301653,-0.9861848180426733,1.616262871574667,0.020426250939685642,0.30085486138510187,-0.5897788716968599,286,1,test
-3.698980348157708,-0.7751130510999165,-1.7210973881655371,-2.600357991161037,0.6956761407452597,-1.8095567261712246,-0.013854731053220326,-1.7768175445559702,287,0,test
-2.2613614989199005,-0.40171334886709603,-1.0964932414552768,-1.9851372191903986,0.29104587001238447,-0.6228229329944999,-0.059019568787397225,-1.395547185385115,288,0,train
-0.6899978696242252,-2.1048365868642374,-0.6367937905590458,-0.11544282246024651,-2.516049513159475,-2.6915578780411145,-2.073390916429688,-0.4094315144605154,289,0,train
-3.8090634586275924,-0.21314728319515214,-2.2260190237753936,-1.3445058332319786,-0.1873270089336434,-4.187739183839413,1.1839441740545924,-0.7121233635601392,290,0,train
1.3273326821542537,0.3333684700981256,-0.8667284139497518,1.6430560478530785,0.7275536043038159,0.12372312139676345,-0.9166844293461116,1.2389450860394995,291,0,train
0.8664044372533658,0.181365985390318,-1.071757553961423,0.5498274022656104,-2.53629138210752,-0.9083831736896922,-0.02896181048850166,0.3339344632757408,292,0,train
-0.25095455004746814,-0.9466591162567656,-0.6837117222009435,-0.5333891869903398,-2.408311230541929,-0.9917840949290647,0.7819565831942143,-0.409741966762916,293,0,test
-0.20485313613568842,-1.0083695153282797,-1.7108150520176562,-1.5249042614209394,-3.3344087885968183,-0.2693275878364886,-1.2787588628205304,-1.3640870343077631,294,0,train
-1.5704185797914558,-1.0389707013124254,0.3044350108812416,-0.5666757919523442,0.24143896136290055,-1.3247176826387996,2.2905997550507635,-0.1766905611848691,295,0,test
1.6284338295767242,0.6498184149283825,-0.39974984105096867,1.421803830932722,-1.1243325548015988,0.2227590202485238,2.724976066621583,1.3211994631247412,296,0,test
-1.3016202043653469,1.3566378369796679,0.8579111844843016,0.1652609226329178,0.2503392182814449,-2.1862187635032138,0.13780920302888633,0.10255598908776725,297,0,train
-0.7036900757652701,0.17825990301336855,-0.8232650874049814,-1.139817276358686,-2.452782954357778,-1.0675464949013411,-0.9105473813473665,-1.0410753665591095,298,0,train
-1.320549751182921,-0.44292829494339153,-0.6310776479755282,-1.2324396550136578,-1.575032315867602,-1.283976245881491,0.1752286428393377,-0.9510965679375796,299,0,train
-1.231410857765425,-0.2195123914295769,0.13788181657134013,-1.5349305598582683,-1.6203458068128782,-0.7825225779250919,-0.21803898321628956,-1.2810455975871424,300,0,train
1.5066003886573003,0.9163273138870203,-1.6385711495957713,1.6050081430682483,-1.1935471217461808,-0.6984195507713188,-1.0834647682597618,1.1330105893817934,301,0,train
-2.3144079965807993,-0.2153071287238564,-0.6316942246177386,-2.035498917081222,-1.5397054954487133,-1.6738178746461285,0.5375988855067949,-1.5098995208708892,302,0,train
-2.5142636800159934,-0.5662922838340099,-0.09045925724907755,-1.461851800006039,-2.5276545264448553,-3.8705441710226847,-3.4361979256607946,-1.6020921386335734,303,0,test
0.06282608402101512,0.7481522012964177,-0.7629768126423963,0.9562752420514312,0.47542558849744887,-1.1588463476650412,-1.5601374842094293,0.6366761314431243,304,0,test
0.5307639619171497,0.1703017907740214,-0.6963467408607451,-0.062319556868733694,-1.9367479778321708,-0.1716472172828749,0.33621701743489474,-0.0787133336033522,305,0,test
0.6113988330987217,0.9659820527138053,-0.3049557836546509,0.2808061347903662,-1.5797617189396216,-0.254078318191864,0.9574286517402426,0.240456712562569,306,0,test
-0.7979412369299871,-0.49930069187904164,-0.5569373962870232,-2.0424077600070527,-2.36285150037213,0.10650363582124156,-1.132355529845908,-1.7609550904421103,307,0,train
1.5429341617463643,-0.6100639196811518,-1.7042295812334927,1.4910313646578852,-1.2057331788992418,-0.5369046551663899,-1.5683950969804874,0.9980026112254259,308,0,train
-0.45477240517202605,1.0574481277154824,-1.4388243883070904,-0.42362941544227906,-0.6696034939785795,-0.34404168714811545,1.5220674974766912,-0.08836336967406822,309,0,test
-0.10529484541824034,-1.7662222474521112,-1.1729136794984538,-0.1656624619668342,-0.7202130788948607,-0.665702969155904,-2.759628963193274,-0.3816768905794756,310,0,train
0.21709232516469884,1.3445330857172009,-1.0469652663824185,1.244625574268627,-0.10492846462404326,-1.7700001620441714,-2.438855118031138,0.744665446321018,311,0,train
1.5762471383776677,-1.252938773973353,-1.909939265429728,0.7271782892428627,-3.5929854704234985,-0.7321878588797435,-0.8209400756474523,0.37504094799622756,312,0,train
1.2102515894702457,2.2928051521442017,-1.8313967365056225,1.083557194943415,-0.6654103780819205,-0.2494323093156633,-2.3393816884472454,0.6496775643136362,313,0,train
-1.1129537778067649,-0.03843849918051699,0.15386166394470957,-0.5840403268559068,-1.3851217134428082,-1.9879324217938716,-1.7159202891452092,-0.7122051170440747,314,0,test
0.33809778741836555,-1.116672356892026,-0.9152181282755479,0.8450555418599534,-1.8555399386217788,-1.416166059333878,3.202708575691364,0.9400365369114301,315,0,test
0.9701290111454032,2.23939857967482,0.2353067981050404,1.6173240434766436,0.285503527770553,-0.39786345543449175,1.6996321149805267,1.4002948677363292,316,0,test
-0.8370261599487504,0.9955947972054273,-0.9169777086863264,-0.720752401293864,-1.0310565689832545,-0.8949422680685021,0.2972077627927334,-0.5017804583590185,317,0,train
-0.3397655352646023,-1.0542824700648183,0.5814663412520994,0.8716002002831592,-0.00867877514686688,-1.457555229151866,3.174144364782914,0.9633105834830896,318,0,train
0.5071770843395654,-1.2024405352335474,-1.6565262587967093,0.94253756998663,0.5839890928307943,-0.32279525691251976,-1.3486817391852233,0.7165246762085349,319,1,train
0.6537674822590893,-0.5352515009071689,0.1644870468809444,-0.0830139184073313,-2.729206311868554,-0.4377720486064391,0.24021648940537366,-0.21418956990185678,320,0,train
2.2766111456422746,-1.2740382964316213,-0.1512171439480131,2.7441897595061318,1.757031427388371,0.9008992400210497,0.980667640744577,2.2797239133597618,321,0,train
0.046879767409042546,1.561677776767665,-0.04092991082444253,1.944655117224546,1.6502830895774538,-1.3963757000642347,2.9768283936866924,1.8932362529769158,322,0,test
1.7777561519565714,0.09927391218531516,-1.0631690198445436,1.5006338804271115,-1.312718307555408,-0.05224415273603111,0.1026398412405024,1.1322207997374947,323,0,train
0.7603623724169213,1.1167845791815953,0.9402021999371258,2.253158987883435,2.200508696357987,-0.5310020911825881,1.4947780253425336,1.9228048790056778,324,0,train
-0.09048787635671904,0.062298434952102626,-0.490998490860429,0.569681139829757,1.104612701793637,-0.4526687009167145,-1.3683156569160495,0.3837024040007171,325,1,train
0.9251015175771707,0.45490874323922487,-0.24071846753320736,1.301391778387294,-0.7838990012714364,-0.836794691536817,0.08360721650307112,0.9577657789237147,326,0,train
-2.4108440930171238,-2.1685070324768483,-1.0151543777091416,-0.9870465374385047,1.1844547750623389,-1.5201890991296068,2.117851101278302,-0.356893682164491,327,0,test
3.831590204658798,-0.09320764619345706,-2.1732166266499022,3.1387508622728095,-0.4540322197787681,1.4268083930459894,-0.003925678724168491,2.4750926102635997,328,0,train
1.1649678639960466,0.3775778073023322,-2.8530288224939246,0.6989632388074296,-1.1725891391259347,-0.16781871985241237,-3.253734087191731,0.3035423091340759,329,0,train
0.208016298683504,0.6496817841199704,-0.7826578387241602,0.40129300265226686,-0.8534719205927341,-0.8253771853696301,-0.6905734160645,0.23312583488185745,330,0,train
0.15881693978628084,0.36178430744229095,-0.0032116088337182935,0.6465495409092838,-1.2369708737753031,-1.4490719463498614,-0.2765644437941235,0.38526059049446665,331,0,train
2.153299318298941,0.8537439723035846,-0.7853876978938902,2.533162174972204,-1.8138076290144096,-1.296298328899764,-0.43844705004601575,1.8023852937287657,332,0,test
0.2320826194743648,1.0480655824868668,0.9950704820377082,0.9744793704736493,1.0917934117957835,-0.3156704112010019,0.5721833442597889,0.7902536859277599,333,1,train
-2.9842115364762583,0.18210085559988495,-0.35457604003571497,-2.662087773057565,-0.5183003656795994,-1.3971202161836473,-0.8219913976168617,-2.0859476660588783,334,0,train
-1.84895676453591,-0.9971922570603714,-0.09143038888938926,-0.8127814752581789,-0.43371448841740295,-2.2965145222913614,-1.902820992379513,-0.8264173338191978,335,0,test
-1.158435318594763,1.3702443083127271,-1.3266092321044156,-2.341874651242826,-1.1263176998746305,0.628911225040642,-1.8045651727127954,-1.9295069314565492,336,0,test
2.0725016643191467,-2.5226446390784534,-0.5569456147527949,2.577475106508926,0.4625896260094614,-0.010328940890575122,0.5705267439347633,2.0635363504961233,337,0,train
0.09168354701714308,-0.5986806880968466,1.4166986811191355,1.6775640403243757,1.2293979684428842,-1.296149562429803,2.171138071609175,1.4741172788807582,338,1,train
-4.592865153994546,-1.291943005623029,-1.989944808369239,-3.774244670556434,-1.1896794911795718,-2.8566875601490094,-1.4304047102853015,-2.903466663502644,339,0,train
0.9679395786216369,1.2398640973445065,-0.6759109954893734,1.1314963882280127,0.139087210379906,0.13277668520477237,0.9408075688622607,1.0074513632205302,340,0,test
-1.162535668715794,0.17468481104577144,-1.705083931606611,-1.5116027122022153,-0.8714593185832152,-0.1463690672257011,0.5935384691326162,-0.9994928470948394,341,0,train
-1.1135816295632637,-0.026519159321118868,0.014666308443795573,0.5783365012926908,0.18485231428200866,-2.4709586367882936,0.4719972270054343,0.5065355043945603,342,1,train
-0.4654105020806918,-0.8872849736016589,-1.489158719883392,-1.8558557237327644,0.7240193934933238,2.4669166752393057,0.8753633492504841,-1.1559177093380257,343,1,train
0.30536725298708034,1.4167720017127359,0.480372752165218,-0.15339286526847817,-1.185769409536254,0.2328609227955113,2.0834151082588597,0.0030507889987893694,344,0,train
-1.7301813547996823,0.3700771097147001,0.3522097209324965,-0.7308733688190502,-1.9790111297146664,-3.1644197830038685,-1.9829625606894634,-0.8969412630311155,345,1,test
-2.523598800743868,1.3327307885689352,-2.2020060655872156,-1.4277600832934871,-1.3683551475945341,-2.707190736051099,1.0999168495100475,-0.8648950508772807,346,0,test
0.5773524684865159,1.5868255755637002,-1.8968847559038213,0.40182219404731545,-2.660235385720484,-1.5395357919534396,-2.7712770740068584,-0.021009825427405218,347,0,train
-0.3116351337898322,0.4200987037933632,-0.07980281365492792,0.23864354360711504,2.699396880108006,0.7036413783507528,-0.6395607787881729,0.2783152065409503,348,1,train
-2.534800090318092,-0.28342770295533654,-1.5285465991555203,-2.446709900945607,-0.4001124786362174,-0.9658973684179959,-1.4202697413643088,-1.8998412657769734,349,0,train
0.01986294564127312,0.3546326046341963,0.901317256620174,1.0211606498802328,-0.2996901517048781,-1.2910892022324436,2.9760105745809082,1.0122307008166849,350,0,test
1.880491682416829,-0.894217815569264,-0.4462484908597332,2.581672063638175,0.30597002732248,-0.40054408843638256,0.7633835868562288,2.0718211667673727,351,0,train
0.14843441110619054,0.0030560857706264473,-0.6440039789429436,-0.8285956166237262,-0.5923271056881089,1.1162646692034686,0.2935017249445767,-0.5846865999186543,352,1,train
1.9204500068103374,-2.6928534854432726,-0.6045929520626089,2.0518649647371685,-0.42058023955840307,-0.029508259027220096,0.5753928668564207,1.6189789082026609,353,0,train
-0.5101697056620803,0.2436830391845791,0.7246231220796356,0.7497887734363797,-1.2202207072665052,-2.5092909919660658,1.209484371603195,0.5779147269254172,354,0,test
-1.5453107439580653,-1.0774180841010879,-0.20258679065471208,-0.5473498090215152,-0.6189728130212635,-1.876445323292761,1.8323331428341165,-0.22618896110175135,355,0,train
-0.9951308795950702,-0.35780736827839227,-0.32081187090277263,1.1945234483972995,1.0342768061377363,-2.672984363657648,0.29425301926575254,1.0266501082482034,356,1,test
-0.9243538224431085,0.2035663098175478,0.5938760404255906,0.4206041710941196,0.05263595814523214,-1.7236047191355464,3.1192326849014655,0.6232163300368778,357,0,train
-0.6518918893944295,1.4249575640353331,0.7978751964544458,0.3126099733189699,-0.034515867477336815,-1.6421238614136557,-0.9660647286575975,0.07722193806194896,358,0,train
-7.601826375503373,1.0975446616817806,-2.3854081064649857,-3.9324586135340525,2.1788764163580314,-5.334191128841046,-0.2289062831984695,-2.6441317993553755,359,0,train
-3.469583569551085,0.8123170836985828,-2.897003549744205,-2.386658920764142,0.7256647799026237,-1.9704028998175769,-2.2556780684310636,-1.7734710380028265,360,1,train
-1.1862546455987135,-0.29684860640719174,-0.660802207680189,0.31137205601907847,1.1750237956127965,-1.7254747094103293,-0.6166009897971547,0.2940807509858834,361,1,train
-0.1955789378158086,0.10332421049752806,1.1923082817247432,-0.2172906452143294,0.265882553198196,0.2965128778824465,1.3375376632929141,-0.08800673080533852,362,0,train
0.4464809715738661,0.3950406938461205,-0.8979774299823368,-0.10349152005889728,-0.38924674608826704,0.7489496545468913,0.9160919742492575,0.05925337061943256,363,0,test
0.2928915437922682,-0.303422915502086,-0.5386447570053425,1.388754799923076,0.443502266346789,-1.3587680169310483,-0.9237831921092353,1.013062316150761,364,1,train
-5.3995903305483655,-0.28702810565171727,-2.614145794943927,-1.8083990023903191,1.7920930947034308,-4.759974909510099,2.4269624795748035,-0.7722368255295116,365,0,train
0.07196467266002016,1.2248497415411843,0.46823022049067664,0.9554492556859738,-1.7710256177468746,-2.2922724324394497,0.3225170920758168,0.6191050255487615,366,0,train
-2.204920026199742,-1.2556950327927592,-0.9512799435426181,-1.578075536657514,-0.9591982390132271,-1.7993376960830298,0.5744123139415571,-1.10355483072249,367,0,train
-1.3795199393828252,-0.1985232164878216,-4.044017210697047,-3.759083708523054,0.5420398947526528,3.766321733426813,1.9789115345283164,-2.2965330570573794,368,1,train
1.1146742007177093,0.8541607167403628,-0.7226227663429303,1.4448473693951587,1.5355496766094308,0.4744558431813931,-1.58254563455578,1.055711245030632,369,0,train
0.5446176675095126,-0.4090802340632092,-0.47921755512693454,0.4000674398970946,-3.062251975609815,-1.2962570593233556,2.0880249848104646,0.37877010735476896,370,0,test
1.4655484280620534,-0.29905988964515434,-2.167203559931935,1.0958536957479583,-2.2226101841244024,-0.682968620054924,-1.4144644968917581,0.6896552888499856,371,0,train
-3.311093674444291,-1.4075061636131636,-1.2829046914479498,-2.3362053903438578,0.27705857180861415,-1.830345918630426,-0.12484156701587701,-1.6480063644855933,372,0,test
-2.3408026012449876,1.065765654135592,-1.7886219998610873,-1.0898895208740746,-0.39906960835481065,-2.2155163001853935,2.0156055333325438,-0.4840406588704472,373,0,train
1.7118922446754552,-0.3087323887103531,-0.7845655211685962,1.8237963564653628,-0.6068200245829681,-0.029586358790040457,1.6337920661245908,1.5645898661617956,374,0,test
-0.9397108703401668,-1.83909577310245,-2.68550860512505,-1.8792672950174811,0.3975293467603739,1.6086124978278447,1.4185418858667478,-1.0446481712914544,375,1,test
0.812985720346081,-0.7849661422343263,-1.7164428666652016,0.47107698513728785,-1.8859970282534495,-0.6831654875813208,-1.7888828611996024,0.16874176005879454,376,0,train
4.447310294015657,-0.3359994103673645,-3.97162885269474,2.8365234036703586,-3.456986089752675,0.9946349197976151,-0.6629942896039608,2.122798523507576,377,0,train
-0.9872594930570089,-2.165121536339092,-0.09096840348028135,-0.3425390758656718,-1.7658077347933512,-2.3404085822489242,-1.5508125567035895,-0.5174179674347952,378,0,train
-0.6662434003413525,-0.1355713506680275,-0.2535947118214018,0.2219086982505457,-0.23933482483409518,-1.856367739858792,-2.808913847164572,-0.1274571848611257,379,0,train
0.1268059461787523,0.8194450576963536,0.6408572503568702,1.5016304541104502,-0.36737449197386296,-2.3641103770781293,-1.5965093503224501,0.8942792132171496,380,1,train
-1.721997079173663,-0.7872172695868599,0.20417409638130157,-0.5364678450566619,-0.6398000529135872,-2.7067429951142072,-2.711435324606363,-0.7393093663746491,381,0,train
2.5875921003796036,-0.1437613762317594,-3.0571647635764982,2.569925524836872,1.0154303861009948,1.0952278472920387,-0.26009278970743765,2.1762425532878162,382,1,test
-2.064294432185751,0.2474751359759227,-2.0018857788039877,-2.3333731035429066,-3.0727273423777435,-1.9885236208853558,-1.580622224039883,-1.9584240278437057,383,0,test
-1.2497665105540698,-0.875314706992155,-2.4003294052173922,-2.322347535742661,0.48856288751667076,2.1030468243492932,4.130814918427193,-1.0988432414475853,384,1,test
1.79019564123081,0.6864223665458726,-1.8718486600963475,1.4193434878647964,-1.9480150707372275,-0.4472588232380207,-1.2930989377984137,0.9400907182615633,385,0,train
1.3777967064519,-0.4851877620482671,-0.2323839094186554,1.8301327950253192,1.4673963645047374,0.6254818926535676,1.3024309991981577,1.6185058562081855,386,0,train
-2.2340699891744875,-0.15225659523693053,-0.8363347297889192,-3.6412215551995954,-2.6409393066259406,-0.20255154879947157,-2.2194268933031736,-3.073893486324608,387,0,train
-1.1006194127829112,0.2395438836180681,-1.7402160421898758,-0.13296772557853753,0.3727677574731071,-1.094362352677082,2.267783712919996,0.3000536467017711,388,0,train
-0.4547144868771802,-0.5487825036093058,-0.36098292904573226,0.07056119736416833,-1.4871720628360534,-1.8471779803713466,-1.0514984306338413,-0.11893341398069915,389,0,test
-3.933892602220756,-0.5368626372711908,-1.5708400544902625,-2.516282155875469,-0.40185910505660166,-3.0204536040689582,-0.4423300186502884,-1.8333976080404841,390,0,train
-3.0802229022533756,-1.6755750634619746,-1.673941217515081,-2.437467652549594,-0.28759361772789493,-1.6294164155243644,0.030043796942258227,-1.714697758218194,391,0,train
0.7378701193080489,-1.4879887985734779,-0.8876839410537178,-1.9779228316586779,-3.2901042307344155,1.8710759747602452,-1.7850074382530123,-1.8249638745469605,392,0,train
1.4763161137988743,0.048364172675999594,-1.6392350683031256,1.2448923909315437,-2.255360914749033,-0.9293530431358976,-1.6340237204117307,0.7386759243063362,393,0,train
0.9675966718144391,0.24009468867694325,1.7444383426203647,0.8299147100175942,2.447714126507488,1.9966177063483177,1.5035444710724986,0.8025218671747248,394,1,train
-2.129169698688981,0.9265883156718501,-0.4855162056306439,-1.320668037360303,0.7751802674630909,-0.9085338876947685,1.4627681066213956,-0.7444151608073356,395,0,test
-1.1252936843440255,-0.23730965575175497,-2.333594662002906,-2.1267073330387265,-0.6070743168023517,0.9403239510464032,0.38046245922389454,-1.4273845922635136,396,0,train
0.6721863220490604,-0.5946562372934778,0.21728193012081853,-0.5215376494599567,-3.1229655075539604,0.0022254336479229364,0.38083984446349817,-0.5577838277961918,397,0,test
-0.5461679194521517,-1.4321521176344432,-0.6530344370259229,-0.19130674254973778,-0.4851389177117871,-0.7165912721539369,1.5757199453252357,0.04827694681800954,398,0,train
-0.2908163818871203,0.7163521519072168,-0.5248407558433961,0.6494148591422703,1.8319599780857887,-0.3591782373408182,-0.5270003913164102,0.5819024631465908,399,1,train
1.9237843298737178,1.5710508332011228,-1.5605408081419556,1.6487403986724916,-2.175979687452198,-0.6296277846526139,-0.6578793852249394,1.145647301572161,400,0,test
-1.1377741280454015,0.735818597778101,-2.3262308370405207,-1.5138301251230382,-2.430287131419383,-1.0155957160166835,0.7643519609549887,-1.0301104734321032,401,0,train
-5.022823491718529,-0.19663305099736833,-1.3457815677944251,-3.6134991297233565,0.039571834102045234,-3.0501963891545256,-1.426220247366111,-2.752113099474061,402,0,train
-3.362428925546743,-0.8567745712609354,-0.8389859419283919,-2.101603704907336,-1.271733037843958,-3.0517840084076644,1.069891706960069,-1.4639208155696717,403,0,train
-4.569932702257454,1.7036616641318156,-1.9982537858797782,-1.8654614875649607,1.0975643699834818,-3.965199248699961,0.5911359788556334,-1.1054742643388784,404,0,train
-2.0269877529292324,0.42087157733225083,-3.134002757431707,-3.1224050797147465,0.7970398493688056,1.8126330716054535,0.7904442579315218,-1.989303880326998,405,1,train
1.1817791033238925,-0.5726733325488546,-0.2226505032256214,1.61024822200917,0.8174596038040772,-0.07593781095345309,-1.4455519567281911,1.1169421205010581,406,1,train
1.4568510687114469,0.6789655180919576,-1.0698201908221399,1.9040441846194982,0.7579280759018269,0.5837767743157966,4.4579613909660925,2.033988429756692,407,0,train
0.15107720794830368,-0.47278812947660354,0.03563097190378062,0.8588306814891113,0.035063426548946564,-0.9696749756540946,0.017143303281238476,0.6498754116762848,408,0,train
1.024272486785981,-0.14094062793474882,-1.4127803078262977,-0.22977193338993962,-3.314317385839656,0.08072654179567584,0.6413577757331542,-0.20564621909825156,409,1,train
-1.7754029182160094,0.1318733453111592,-0.31159302818320367,-1.0763706127603276,-0.9386514154168522,-2.206956709673557,-2.855478758635021,-1.1434709424542566,410,0,train
0.3918725565274181,-0.5277848095500903,-1.0615962977329159,0.3468612563196327,4.078303618524249,2.5972845201844654,0.0077007722496814646,0.576931721551507,411,1,train
-0.9667053548951373,0.449454957979435,-0.915257811542138,-2.1623443362673784,-1.697989832921368,0.3632573946681067,-1.5385177161544128,-1.8295238759969619,412,0,test
3.148974929086166,2.734614391378375,-0.7186701066779304,3.3677378691869886,-1.3519570384569048,-0.32186225498224175,2.1131632957191537,2.725220000836607,413,0,train
-3.6982624910517248,0.3467206653436714,-2.6367993152897724,-2.6230038294647593,-0.8011632104548007,-2.7453570354837535,-0.7027110750412947,-1.891018706695953,414,0,train
1.506585456817369,1.1471056561423394,-0.7906114880315549,2.0602317567176582,0.9120986388191213,0.011203970581186828,-0.13743753707245898,1.6430066511584274,415,0,train
-0.051571601699617796,1.0347939732787865,-1.2680465034007604,-1.5481589870035932,-0.6727768707853555,1.9493051885825579,1.7407136846051499,-0.9306550068850182,416,1,train
-0.7404211535574807,-0.6759281376653961,-0.10887864147054005,-0.35654460478873784,-0.5670388461444644,-1.1521454476780624,-1.128646371585697,-0.4121468852358401,417,0,train
0.39202967828966856,1.4124982687259844,-0.8485016611663515,0.5509648823474234,-0.07902414051539297,-0.4498514336082598,-2.224294256809634,0.22922605030625123,418,1,train
1.124711921697383,0.4876263210215362,-1.2080793930840552,1.3357006805728033,-1.7015945964429826,-1.2631838319410678,-1.3070647184297344,0.8470124177640821,419,0,test
2.208247376399362,0.4019661168600799,-1.0096475191474985,2.1642307692459295,0.7465563557530038,0.9944304837139587,0.7045742441690336,1.8137410686033983,420,0,train
2.755684867693096,0.7845880917141476,-2.525797028417459,1.6532207302606479,-4.134809571257075,-0.4811688361625579,-0.8552768806702125,1.0754743614960596,421,0,train
-1.1671463273779756,-0.05125972710909499,-0.2502870492591026,-0.9189185268105515,1.377258236257263,0.32456219568127787,0.5297624442955391,-0.5300266100598964,422,1,test
0.8145467481780162,0.5515489969065238,-1.348138718010486,0.9522462938260959,-1.5166025344328955,-1.1180249033638407,-1.4629524285258642,0.5633066288714601,423,0,train
-0.2904651106286682,-0.029252286587791894,-0.9119822157604262,-0.3590192726474143,-2.25226013185061,-1.2818420181302905,0.15380660657915024,-0.320014562984709,424,0,train
-4.0243149246831615,-0.0294576461449048,-1.5430717376471073,-2.0390120020273743,0.7645865362562986,-2.8898775872679527,1.8907150046419852,-1.1522631485439343,425,0,train
0.9089614563415962,0.5385880121346511,0.42857927672664753,2.1011841023677253,1.7015902366467324,-0.587386750791709,-0.45856267065565565,1.602518003303692,426,0,train
0.6642212924089439,1.1849859442173567,-0.7560542430869612,0.80363348538753,-2.141629170380612,-1.518487629415282,-1.375115251726054,0.38214934560950053,427,0,test
3.606338274743962,1.0833567591389537,-2.9144880624503524,2.4626217777666133,-1.3324291681855205,1.5434617877731753,0.2533680263357717,1.9946590484015807,428,0,train
-1.8689638302395126,-1.0373812296709142,-2.57500063570078,1.1826280068589377,2.5203918909515655,-2.858830098518407,2.932658242269552,1.5593024559681785,429,1,train
2.1392966733621805,0.6880513899969223,-2.196665104445371,1.617110362475417,-1.398994094727763,0.1507772430195452,-1.4275862672655737,1.1282508752392157,430,0,test
-3.6031842807530357,-0.47067415439042243,-2.48741102103342,-3.244220461292284,-0.5813434917837581,-1.5773638810433719,-0.8038574902223247,-2.3703258612545817,431,0,train
0.0310543594046058,-0.41680426361045847,-0.8567151957996327,-1.1090946259336032,-3.3614800788640715,-0.3923521209831089,-0.23341222701274733,-1.0009930386208106,432,0,train
-1.2257547214252973,1.2210764657114535,1.024362277861814,0.37953927401248244,0.9896786939539647,-1.9828564023793325,-0.34002327720559977,0.24393763744812733,433,0,train
3.0149980424379987,0.6560296557392948,-1.5686181897618678,2.928149163984151,1.6025955691775877,1.6324388127496232,-0.06863508655518291,2.3925191845676594,434,0,test
0.8804032092694474,-0.19624371241433605,-0.9683412721975714,1.1863584067665967,0.06968839966902063,-0.4366667689065826,-1.804306895466663,0.7691379762402244,435,0,train
-1.0713414304692321,-0.6838943750676507,-0.5433852929062136,-0.1869291874212483,-0.859936019042178,-2.270635519485477,-2.6037367372472686,-0.4272812311110508,436,0,test
-2.25968803962692,-1.0530821178296266,-1.171496564489289,-2.012935556124751,-0.9517636596064339,-1.3143147950526308,0.0508388925451595,-1.4725413358769173,437,0,train
-0.36886500011522744,0.3371191635797533,-0.6545109916765774,0.15632112006890553,-0.9450856379756497,-1.6277192396562938,-2.155680978600884,-0.12127227133081286,438,0,test
0.6320657018202809,0.21727455572920334,-0.5669573362763262,0.7443833029255283,-0.9336415032941443,-0.33036563233683636,2.438546594448665,0.8082871520040206,439,0,test
2.8509583742388163,-0.46307619906748726,-0.9128107325568334,2.858039382529887,-0.29011328219035926,0.3826536726311712,0.4514339182180437,2.2383768862723383,440,0,train
-0.13510326040956872,0.8035588585868575,-1.5707432427560144,0.03253509524731335,-1.1721888119677826,-1.1121447729357847,-1.3812875573938919,-0.08030150135448412,441,0,train
1.280521980354393,0.2766850278981426,0.10924339546987605,1.2991412747653954,-1.086805763764335,-0.7933804398030433,-3.0176581015436135,0.574546194052119,442,1,test
-0.9897275950181955,1.228887855268109,-0.2987456747219055,-0.35753157836532,-0.364435059922825,-1.4887231768977633,-1.6430518486182812,-0.4412220576309237,443,0,train
-0.14305330605101854,-0.2311072028650509,-0.6464998911914046,-0.27216023148141355,-2.025092339778317,-0.8663533806561071,1.641233063992396,-0.09994534534590303,444,0,train
-0.8925780813016481,1.8711040652290662,-0.13116334927773865,-0.46557382502118083,-1.4414193395389945,-1.734901172901007,-0.8445558595217398,-0.512662176070228,445,0,train
-0.2512609445577796,-0.7965139885021733,-1.636833702806471,-0.6260002404439963,0.7393655367240417,1.2671716729524172,2.7757549261596015,-0.009858315781701849,446,1,test
-2.2303852586736737,-0.20264771282547725,-1.2210611323834024,-0.7757367710049425,0.10137526464489566,-2.1661976177890834,2.256754298797041,-0.23237059170375204,447,0,train
-1.5904280075059805,-0.8342934756534793,-0.9326732743873808,0.14956705105493728,1.8469887024924074,-1.663854191503066,0.05946817268445925,0.3070002719427209,448,1,test
-0.2679340646080448,0.1443954730789157,-0.04228814779040546,-0.9548470874202911,-0.2702701476047812,0.6164467607969162,-1.4446244426649462,-0.8896630904771375,449,1,test
1.4862680427051076,2.1518265296059793,-0.6562532569157365,1.536969372617461,-0.028329337214659356,0.12218924693842925,-0.5192017780565181,1.1409373717961815,450,0,train
-1.2273575475808418,-1.8948479102604352,-1.1003665071351207,-1.3833372555820405,-1.4297077825261657,-0.7867009374734677,0.508188305739484,-0.9875771943954229,451,0,train
1.5545509954819527,0.1501091672091955,-0.7197437481461807,1.844456219130525,0.22363778612917573,0.06974367802681025,0.6139207893761137,1.51517333191353,452,1,test
2.737779481937745,0.10011819197684378,0.29860707428095556,1.3645236892754182,-0.9741631209635766,2.037725662239541,1.421384186882921,1.0872702534016598,453,0,train
0.7908510836293475,1.640160229706629,-0.4340044603343901,1.0266848914743179,-1.3498177942793956,-1.0451670182957307,-0.34340044996615515,0.6852338784029174,454,0,test
-2.7094296017363586,-1.3401425389868218,-2.4100794265458982,-2.845380607928708,-1.0398315602275865,-1.2577802048166573,-3.252061693202514,-2.372934709552059,455,1,train
1.2369241429591682,0.7422294654909786,-0.7398872410950514,1.7471091481298644,-0.14168714469693977,-0.6783665326584948,-0.7580542691504175,1.275155632983198,456,0,train
-0.8851208227471508,-0.08448597727687855,-1.8476900393721805,-0.9675009342348121,-1.5999423757247477,-0.9244629428919666,0.5341055713852294,-0.6290887844384643,457,0,train
-1.9193929840484762,-1.2378234853641976,-1.2141277769000582,-0.27639246755808344,1.4283401199364079,-1.880723568235985,-0.37224567997209956,-0.0640168731603561,458,1,train
1.32919988059914,-0.21246071313559933,-0.7784840696633384,1.741730834584279,1.5984339430254153,0.5642261583435656,-0.41379828876391267,1.4130286977324416,459,1,test
-1.4705240391638648,0.36760784285340775,-0.9006718315668882,0.058598110640677104,1.7512728071717505,-1.4177913977463916,-0.1282410938571491,0.20904551400369986,460,1,train
1.6151782509400217,0.20139883667178543,-0.5489937944432,0.489992623907208,-2.2408124342388906,0.6749887904914998,0.9668482440851466,0.3709560175959721,461,0,train
0.7788851783999168,0.2862925640484046,-0.6848746714625693,0.8634854164919862,-1.3851794915569025,-0.8986276883804248,-0.7876440325628569,0.5296898623083235,462,0,train
-1.3191181492310728,0.04317006440276628,-3.1598854642421372,-1.6530576261538603,-0.5220362319215751,-0.088011197528988,-0.42619758379584394,-1.0907314444073624,463,1,train
-1.0455774907769428,0.46951540147489024,-0.6985413089720656,-0.7241103796884104,-2.7945224745654986,-2.589670972997971,-2.3599979677643987,-0.910253414655074,464,0,train
-0.7198466773761922,0.6847419160630644,-0.5919425402618359,-0.8631499706832703,0.940398187741915,0.8080844175882634,1.412204548061164,-0.39672255824342567,465,1,train
-3.6319841670288224,-1.494414594908002,-0.5560219385455465,-1.8402222117885088,-0.31729408253053804,-3.300552119112627,1.0039645613636872,-1.235465157375176,466,0,train
-2.4165586749794388,0.05202051518552563,-2.7273666816141318,-2.809386345712879,-1.8336434676869549,-1.0245964526711213,-0.7208605829427023,-2.097648612386769,467,0,train
0.774846579905127,-2.6604336009402676,-0.8200242591594162,1.540403941900681,0.17126895232596917,-1.0154765734071607,-1.4304473494278103,1.0735366600514606,468,1,train
-0.3824170574050065,-0.03913075491283756,-1.5292010673816274,-0.4514593174338347,-2.189343988301132,-1.558454179439193,-2.543639850331526,-0.6334260595204273,469,0,test
-0.3474310406184568,-0.5659739263781208,-0.35729087829070727,0.3662677818742349,-0.03781838601452314,-0.897547368815003,1.8778508915443628,0.506422450144349,470,0,train
-0.9998021158316768,0.4843284408000084,-0.8854277993141613,-0.6473126247484611,-0.37777593787252217,-0.7166225337531094,1.6714034017883317,-0.25995266533307676,471,0,train
0.12356924514067444,0.3460285488622691,-1.8125997017764606,-0.02430042881459571,-1.975069610658962,-1.2399608506424586,-2.6908518453293886,-0.2969800084788788,472,0,train
-1.3654754432084897,0.4927549864364305,-0.1284065495135135,-0.5055080708714611,-0.22292922346381872,-1.8096678558091408,-1.7272058551877696,-0.5634215221259302,473,0,train
-5.0148397304086565,-0.1484731284596045,-0.8781063507987612,-1.7923986384915398,1.2691194447349332,-4.552180615930625,1.8779434328376285,-0.9779142359257817,474,0,train
-4.405295858789666,0.424913289827864,-1.807602809861765,-1.8323887048267489,0.050999895768360726,-4.209549561606743,2.07893529373003,-0.9958642263709467,475,0,test
-2.0678200842251777,1.0240699497118047,-3.239285668581934,-2.707396721381694,0.04727413710885642,0.54625175950923,-0.5634155959454302,-1.8583771740863657,476,1,test
-1.6148389274940027,-0.17192639606778867,-0.5822598267134045,-0.8838351619351504,-0.35017215755623643,-1.3554021303818025,1.6900558675826423,-0.452499328243484,477,0,test
0.2227026487383565,1.8171473807650498,-1.220090003501352,0.6818953092025338,-1.7890180574385264,-1.8502137354068604,-1.4516316679789305,0.33910522407068194,478,0,train
-2.688819526230946,-1.4937274095330322,-0.5500656712508905,-2.2200364701164976,-0.42240324961274106,-1.5235082270265925,-1.0634396100891115,-1.7601999945678541,479,0,train
0.6300259786181008,0.13985090717016865,-0.6817526208111584,0.5810191917881045,-2.604205620229417,-1.313816959255394,0.5594879418274631,0.3909811833281435,480,0,test
-0.7833277212024242,-0.2646749991614631,-1.2312377034868027,-0.6870379908161434,-2.77865408299791,-2.263371859078809,-2.883462244054831,-0.9016338673417726,481,0,train
1.311939462587854,0.08827999632720021,-2.2041436159922005,1.3831043045608102,-1.4055146144198694,-0.9661724185847306,-2.4121994627641605,0.8507775316056402,482,0,test
2.5839523536545856,0.27157228899192526,0.2831766569477737,0.4871832933282193,-1.8449814732247813,2.4172105384118305,0.4318441323750864,0.2673761724888168,483,0,test
1.8225594723949765,-1.2603088340304158,-2.3541379076080564,1.7919171240510998,-0.5238243147621463,-0.08434207815573047,-1.4131630986682513,1.3272306857435312,484,0,train
-4.6738898080609905,1.962745570767112,-2.4152402299989024,-3.9413729556392707,-1.6165319986638007,-3.0289959437938516,-1.6874968286329737,-3.051750501097046,485,0,train
-0.531559317591393,0.8616538031392339,-0.5207245042273021,0.45874496486403,-1.021597663382223,-2.211731601785163,-0.7189702127657022,0.25017683745674774,486,0,train
1.679617902799849,1.579926958124733,1.0230515626623724,0.2582857433180906,0.7175362904394096,3.1511581103070414,3.390256672069081,0.519177616856798,487,0,train
2.618131029912278,0.6164742810442233,-4.68273087681087,0.8437347960337649,-1.87621062212098,1.370317207532087,-5.013520266758431,0.30176996677050155,488,0,test
-0.20162031167911787,-2.167653595330161,-1.3486432046763859,-0.06531458386894129,-1.946008672837039,-1.5390246334587694,-1.3180959363957019,-0.2085390254803263,489,0,test
-1.7942241337983345,-2.5476877820221686,-1.6205673703462729,-0.3508929560007762,-0.7806984149086679,-2.552801395028378,2.666060541930463,0.1068452620424784,490,0,test
-0.9417577784826433,-0.6461899900590959,-0.10679965539447422,-0.7199583893602001,1.9057200996865964,0.44702537471877124,-1.8840089612221467,-0.6218081509540183,491,1,train
-0.7352992612350856,-0.14464347718593304,-0.04035095793304577,0.8452597629786273,-1.3146143653175741,-3.4147030055452463,-1.925521214452691,0.361551384838909,492,1,train
-1.3825122330310355,-0.9569482204751689,-1.9048496275480242,-1.6981966542810194,0.6439541450962284,0.5495371638657234,-0.5571686372887509,-1.160021156425582,493,1,test
1.6117735258683559,-0.3579104105791048,0.74204419020748,0.7152048915053414,-1.4503732129353493,0.8649416778889895,1.4636707572642864,0.5490073710821083,494,0,test
0.6191778264618407,0.351363291401286,-1.009907954632459,0.8323843181283698,-1.1973227295860303,-0.9217387629985541,-0.12517863640430604,0.6135052088499582,495,0,train
-1.6773273414547436,-0.038245765446515874,-2.036753006503458,-2.2477844827814444,-0.013535276745552993,0.31740818488406985,-1.9076490345445611,-1.7491393780541034,496,1,train
0.8231228955903627,0.6128492619092432,-1.165325913240836,0.5345375472145626,-2.3831118998583363,-1.0230800002898133,-1.4439906711284194,0.18515099883910782,497,0,test
1.3443983269388489,1.551270100245139,-1.002598449920347,-0.9191455115187483,-3.416828903693856,1.298968614836133,-1.3747826743131548,-0.9833129059728688,498,0,train
2.847064837846978,-0.7916269880662722,-1.8582065144728368,2.313376418922098,-0.12560360480938504,1.1793542626353162,-0.33557726932976495,1.818768485747283,499,0,test
-0.44051947283397885,0.5431413747688653,-0.9441068977700037,-1.0702888604707892,2.574348646670146,2.6774304680239815,2.5941276118345615,-0.30582016182729865,500,1,train
-0.9708529945729766,0.2592372503246072,-1.1612383340990136,-0.3822716797023846,-0.8905097061595214,-1.3590232012357326,1.6563597732125817,-0.07172668799616562,501,0,test
0.25151837399718835,-0.776372407723011,-0.5740438409058953,0.963378043069233,-0.05132064605856923,-0.9972541324274746,0.07862512501180885,0.7735781279013713,502,0,train
-3.7379686981282094,0.4737220633380189,-2.4529452169169352,-2.0188399177302236,1.230822448474027,-2.2606528272749684,1.060668713106505,-1.136182089911849,503,0,train
0.5386147964355268,0.7478045723421309,-1.5427807830137747,1.0563676576357597,2.7875990399663775,1.053556007168356,0.11771512660447792,1.0829375577179707,504,1,train
-0.2625890374366273,0.18587534271913803,-0.38398231302368313,-1.5595039031045625,-2.3567635184795908,0.2972032256807652,-0.9762439636854526,-1.39474547902143,505,1,test
1.9577569455923378,1.717608213172795,-0.6346644499063583,2.0352338975476747,-0.5505002667869441,0.05626361514272027,1.278367055799134,1.6767793530903683,506,0,train
1.1033652995589929,1.1803689564876005,-1.39369069969676,1.1665800732270397,-0.6435239660707281,-0.4309636473300899,-1.437095004500656,0.780847266958933,507,0,train
-0.7118725602209086,-0.6529793576511542,-0.6810308603481431,-0.5189188289034504,-1.5676492564663915,-1.4692819390895346,-1.1342527995224356,-0.5536576488397909,508,0,test
0.244281983101516,-0.43410186820152497,-0.0526508747723361,0.8509773171510683,0.4760057689226274,-0.7550629982927234,-1.875419667936272,0.47057267904182937,509,1,train
-1.8280542813219023,-0.10276316746546535,-0.6213189484226529,-0.6995982128478426,0.34550006320481874,-1.5062697101870324,2.052661686226389,-0.2285076227371563,510,0,train
0.33565707428585745,-0.5769071157229867,-2.413047122602705,1.205448742043754,2.2435638154418216,0.2637506495461376,0.7626700518156365,1.2974858752061138,511,1,test
1.2672369471789817,-0.24776824653783938,-0.35556838113562605,1.1458329787791874,-1.4433011072686053,-0.15582836949841272,2.731479519900744,1.0938239552630358,512,0,train
0.1316765161530257,0.1326763092468412,0.7637190872463658,1.636173184359877,1.009006604280438,-1.5343782597900175,0.07999967621687276,1.2499069006597336,513,0,test
0.9100608756228082,-1.128731505951568,-0.9349276424242677,0.7263277483487216,-2.755575052313925,-1.2313757172471507,-0.0855146149672672,0.43824335423349103,514,0,test
0.22477189303077394,-2.092002455349958,0.6504491942009368,-0.3593129538679086,-1.0374565201860377,0.317394747965276,0.582863119890628,-0.31813784316518223,515,0,test
-2.332237361187172,0.9768118175205315,-1.5284031084326164,-2.7843672700637145,-2.0372854514051935,-1.0170338435000985,-0.3638931246718774,-2.1387822563611,516,0,train
-1.3595158459674948,0.07136363630826674,-0.4067374383143716,-0.8483577124020819,-0.8099609172421397,-1.5825198976245827,-1.0691263640043478,-0.7661136277077462,517,0,train
0.8979097481966679,-0.7703222787403707,-1.8041755606390444,1.1064129771794913,-1.3174900453196483,-1.169767179658945,-2.246887408419207,0.6388775656491861,518,1,train
-0.19326661791400498,0.7474797335443917,-1.7885783410069163,-0.2029925192596086,-2.3352640288970314,-1.8468427805450154,-3.8845931717526034,-0.5820947869226307,519,0,train
-1.8752728597352315,0.5888431262132308,-0.7308669755059521,-0.9949292907243358,-0.7560632415833279,-1.8338547194450459,1.9186935085455477,-0.523112028110457,520,0,test
-1.219795166036092,0.9162465905327583,-0.9832453849507075,-0.6571897871398037,-1.3310343766645691,-2.1054181859163212,-2.536688977767611,-0.770809714175895,521,0,train
-0.4534566796315571,1.6861038680844838,0.34209378088779474,0.1940280823659739,0.5051688037752469,-0.9606036352463775,-2.1983632145772956,-0.08286650066327478,522,1,test
-3.9057492052545104,-0.7047810795957231,-2.546726749044628,-2.1513113292164223,-0.32977455575526715,-3.3792594855569136,0.17143634060419288,-1.416719674606225,523,0,train
-3.0855556717794452,0.056792140305924464,-0.9390747983161997,-1.2243394398555483,0.4526136465451164,-2.724856856868945,1.9965141245347335,-0.5931990700073955,524,0,train
-2.080231700506395,0.10336984193211281,-0.520421636610206,-0.91214131471028,4.1190826086771315,0.42171282330053395,-0.05842099734290551,-0.40097336266587635,525,1,train
-0.7465594851744698,0.5585108322732503,1.2527736000752303,0.9603936356105758,0.8077238102322258,-2.0455709387089205,0.6326713356608024,0.7580360942818104,526,0,test
5.285926706160457,-0.16785415557531994,-2.4970717148117707,4.222459858568037,-1.1743495082496136,1.9492618077521442,1.4114642955406134,3.418328805124131,527,0,train
-2.3590872044025817,1.191268620349528,-1.8187261451407697,-0.9211799946608504,-0.08728251567876211,-2.327399243060454,1.775709824382209,-0.36174665884751717,528,0,train
1.8473829863271811,-1.0022289632693426,-2.0990746614036144,1.4850996526094453,-1.113148325437781,0.10883663139674671,-0.8124587605463053,1.106996742788031,529,0,test
0.004533698266069082,0.0965358784146512,-0.6204467962563177,0.3241828302763031,-1.3983510213997814,-1.442987114957956,-1.3134206179939105,0.06505301893329059,530,0,test
-1.7197728503827787,-0.9711169381708091,-2.773720622363627,0.5882833168065624,2.6376315487191873,-1.807901741275436,1.8796342286668613,1.015771467477811,531,1,train
3.5352770495188888,1.9063055974534573,0.8836163367620032,0.026699166794809437,-4.642542162434872,2.897366065429277,0.11969903771695911,-0.32967027588549497,532,0,test
-5.301125952927498,-0.37217967690558446,-2.2812835933511755,-3.6602848000919934,1.21494963624147,-2.533360956066504,0.21203845124366982,-2.4715535452322017,533,0,train
2.029563290651304,-1.2122868479053641,-0.25898005042271843,1.1452943771461928,-2.986543437835708,-0.0015464652811417734,1.3884279008224125,0.8444900631147635,534,0,train
-3.1520674052011644,-0.4420343930701779,-2.700597257081459,-3.6361545776399957,-3.3027991121550997,-2.049249680860541,-1.973858433506118,-2.94188153470617,535,0,test
2.0560751849608594,-0.3052066472645074,-1.392597167781709,1.6861820583414255,2.009693662649512,2.0382223730024167,-0.7258248591848881,1.4002561920836032,536,1,test
-1.5299804496774083,-0.37832187336298473,-2.3526227130364408,-1.7800225433542325,-0.855361137724047,-0.5179123113598424,-0.9923285815454738,-1.3241767829317321,537,1,train
2.6551293890601038,0.3514546771715494,-2.4715770672626713,1.9822001376456013,-1.8659559339133036,0.2514674584119695,-0.8073095805465751,1.4600570293456374,538,0,train
-1.5462480064972803,-0.43567508678550054,-2.006468123871905,-1.4035477620234835,-1.84983698801246,-1.5853477898392256,-0.08667805115656235,-1.0246607998871327,539,0,train
-0.29738538523270547,-0.6939899681989993,-0.24528365566848132,0.42280547670714874,-0.1610280964984725,-1.192348949363322,-0.06629016854444292,0.32292000238393787,540,0,train
-1.0945143057936817,0.46884937452712167,-1.3429525647066591,-1.7747713898659199,0.5392713898899426,1.063385054678152,-0.5092490363258778,-1.2613751273862706,541,1,train
-1.6610148316068003,-0.6338958577371246,-1.8658003316075094,-0.48961635277403687,-1.1348490011476262,-2.5441198684188406,0.9289181505151392,-0.1904873063228212,542,0,train
4.726081838582639,-0.05545251689297547,0.8678101844249343,2.341006446535437,-2.3713710381488418,3.0669535984839054,1.977825518058971,1.7484334401830788,543,0,train
1.2423382747972043,-0.6101291722063327,-0.11997320415286006,-0.415337809440058,0.5474433770925441,3.1682577917744683,2.0316292895833397,-0.06226129656895193,544,1,test
3.1359245199221184,0.07943944546553136,-2.5118601331720245,2.1427671156166817,-2.5686244737736117,0.33409690170971384,-1.1807459422986606,1.4990344398526114,545,0,train
-0.9129183984869045,0.6939159766537396,-1.3889215528822996,-0.6848792447293607,-3.970260587170493,-3.2922229484648726,-3.7780250825607946,-1.0548589061145983,546,0,train
-1.461574324802836,1.1721114483485828,-2.6765576520499743,-1.4416865873558888,-1.1369199318681478,-0.7735995421852958,1.5546190592754412,-0.7861939089219548,547,1,test
-0.3762067548923188,-0.2987196623805266,-1.7025215415018693,-0.05777335864308797,-0.729670499788662,-1.2702835607589706,-2.84626510250229,-0.27000112069100735,548,0,train
-3.1674062485459014,1.0151959955696241,0.09267479944942858,-1.0465261809217323,0.44209464757678496,-3.2722423274101753,0.7260588067374014,-0.6704470738597192,549,0,test
0.26490980848152323,0.7720021741582936,-1.2068010946723633,0.4001355476108427,-0.09620893042081269,-0.4666476989678325,-2.4117412640613733,0.12048213641596517,550,1,train
0.10316075017665488,0.06474392412652955,-0.739707207367152,-0.6547271637406151,-0.8995320542202699,0.6312229768706671,0.4930254884104236,-0.4424618536933109,551,0,train
0.8970784926546339,0.2591463357179657,-1.4486688495496658,0.8303644992337841,-0.6721648131124618,-0.3372797851122633,-1.7911338651629145,0.49195019995423256,552,0,train
-1.0061780033951406,0.33275553135626323,-1.8278373177070066,-2.7044461437786533,-0.033162636432630954,2.077812207974082,-1.6403472023586279,-2.086652763529177,553,1,train
1.302836032932883,0.7148744257835823,2.507545844917811,1.2778490096314865,3.0038694007929587,2.204877034098228,1.354522436539174,1.100718485466253,554,1,train
-0.8824105728157073,-0.7512413166021243,-1.6643758225093008,-0.9198263883689376,-3.2336154838448143,-2.309485522904884,-2.4517865391249423,-1.0259341557716124,555,0,train
2.1352597116474166,0.4947233259488627,-0.1665726465166919,1.4359232077800166,-1.8196604569880188,0.598638177095067,2.690478021417783,1.2667230587509253,556,0,train
-0.5221511786028574,1.0187254973899358,-3.204961032762563,-1.2457741659285861,-3.5534443578237886,-1.1739186581814582,-0.13215811987347925,-0.9320365656455974,557,0,train
0.16709290421485803,-0.3178717503608671,-0.7622282357126056,0.40220428548364945,0.9344733565829157,0.06347951836694021,-1.741143477376017,0.22421353090015284,558,1,train
0.31047363409155315,-1.571883663694929,-0.9082279269442519,0.5720161248749432,-0.6651681122985733,-0.4935958239173335,1.9468422108044807,0.6673231927109807,559,0,train
-2.792895789891431,0.10333056673740337,-3.7266550257830966,-2.103161009181053,0.7233837797488596,-0.8812235979002062,1.2573225353149304,-1.1239753325124877,560,1,test
-0.4890133965460872,0.7018076902256855,-0.951159544865458,-0.7747783732577399,-1.416106573194489,-0.5623449458035547,-0.3875283015576635,-0.6395925494965595,561,0,train
-1.2958667403992645,-0.34800706309650786,-0.5526627979525198,-0.6824426131162888,-2.0345412531423888,-2.1967767268109983,1.206806013993318,-0.45623103335526716,562,0,test
2.02196488314162,0.14540292628757315,-2.214708152042919,1.22515212149381,-2.0411254056344528,0.02057987538176642,-2.4812524475630067,0.6819482230966885,563,0,train
-0.5598024328179667,-1.5967165727076027,-0.7393803441024522,-0.33841365376084054,-2.600527711021435,-2.1866184146274215,-1.8696481793282782,-0.5545744117022202,564,0,train
-2.6535262813307994,0.2703821332419243,-1.912810348810038,-1.3309781139176962,0.4567721052235506,-2.0019862088871516,0.7453931965692142,-0.7423560176794526,565,0,test
0.12599975367845703,0.5914638146193116,-0.4478368857657571,0.7699961738282792,-0.4028739814996908,-1.2667370095509458,-1.0945727464455395,0.47135308618417426,566,0,train
-2.0451995801891885,1.0751827674845371,-0.187236882356423,-1.1987453521334346,-2.3565261736790606,-3.238281570067492,-2.1217651097865273,-1.2470798279552338,567,0,train
-0.895045026175166,0.10193074121004592,-0.7224192449101872,-1.3689696074741629,0.0583018057242235,0.5988350108841708,0.3045225426660342,-0.9406452392728235,568,0,test
-1.4717877245894884,-0.09191922884549118,-2.723474771677915,-2.69972648395216,0.14761300820571555,1.7459394311272072,1.1240802123688618,-1.7052567910537924,569,1,train
0.2093933910118223,1.0522220717167734,-0.8446273951526824,0.5503864438904411,-1.968294560554928,-1.7770178168694681,-1.3054931549162265,0.21802913998604792,570,0,train
-1.189823828414032,0.12253883229395901,-1.2729852606245098,0.2581821831549086,1.4470828491526586,-1.423277171394207,-0.06406478065239651,0.37372771221330775,571,1,train
-1.4472335819955389,-0.5570458357605556,-0.28537170750178475,-0.7967261193657266,-0.035560898771295646,-1.3514218586153988,-1.2210366550622525,-0.7059547655525051,572,0,train
1.9134053549395111,-0.022793914261276558,0.09549164280667621,2.5746818622218655,0.03004049451857027,-0.5162958622271028,0.6894190127787255,2.003112430507373,573,0,train
0.847403977186841,2.5185617319238065,-0.6632263144547406,1.1271577545862073,-0.45906987191264853,-0.5718941690657996,-0.44271291402751217,0.8190178650715263,574,0,train
3.154096880395629,-0.7256553739631173,-2.27119417635168,2.33706293346141,-1.651552283808718,0.8021484419024417,0.3191429332610788,1.8451005111390546,575,0,train
0.33434337146565685,1.8406233788052193,-0.25591192318875766,0.5996097488873091,0.9771240950582807,0.05390969044906602,-1.892629757673867,0.32205031844598725,576,1,train
1.0121331858239435,0.5508139976887784,-0.8856079331778316,0.31074164427009865,-2.1715696004083767,0.16964555929027647,2.4551438349740553,0.42924230387611423,577,0,train
2.6287123247196185,1.591530058387621,0.010993786378964199,2.667860959885306,0.5604904125659801,0.9537889377783225,1.814192744206482,2.227547509109547,578,0,train
-0.7592952506986768,1.409213696683474,-0.12937726565314622,-1.3076696195176698,1.072225414847576,1.3431453871141412,0.3799554143316366,-0.8699356997074125,579,1,train
2.146943233508636,-1.9439517458795463,0.016143231834881422,2.1977123330187327,-2.2097344831439405,-1.3953520787939142,-3.334546899134017,1.154084207395146,580,1,test
0.6713189550737609,-0.08009898509006895,2.1080727360906106,1.2865308285379156,3.2511713356691736,1.382185085337471,1.8832577295020982,1.2124280160690515,581,1,test
-0.042526154409663876,1.0907755270502855,-1.0291911821655986,0.12414923940864198,-0.40087476865632854,-0.70572093703996,-2.0056524195682406,-0.07275232806093075,582,0,train
-3.4638806925125105,0.7293820604068807,-1.1165028155049916,-2.229665578744039,0.7429666271982641,-1.9375222989688803,0.007068222329214224,-1.5365114814624077,583,0,train
-0.42485672328743307,-0.9688044082439372,0.5697459279384721,0.8684395802576634,-0.07431593947021442,-1.979030101409268,0.08050510936568511,0.6233990026113247,584,0,train
0.5443339424332838,0.8692785099330952,-1.5999137556884762,-1.1611198579680422,-1.4916048500397694,1.6068353409963825,-0.5653521823945545,-0.916468785943278,585,0,test
2.0931012832257307,0.7522502151661603,-0.9099911180327291,2.259195559902775,0.753542968073638,0.6076628746925768,0.1110072962974814,1.8153679580738458,586,0,train
-2.280021577607102,-0.826373981337874,-0.9430333225166329,-0.06308387986772745,0.8276923690782702,-2.7701881964910458,2.863654080991563,0.39561361161505487,587,0,test
2.12989545547505,-0.27977453023802407,-2.1472856959425854,2.1787642644314174,1.7996309645546575,1.2584022616176522,-1.349070318217591,1.7466131761593962,588,0,test
-1.8101667455063442,0.43792823527040203,-1.319627964448742,-0.22930400579725319,1.0169260802326332,-1.6886122120750235,2.549781118133557,0.2706604483210638,589,0,train
-2.787559790096067,-1.2537217533939151,-1.7454238434077864,-1.1850191521257247,-0.03889767774988229,-2.641330121888396,1.5196476480400316,-0.5883397587102794,590,0,train
0.5508737138723389,1.2258032985320098,-0.3117253020730747,0.916703486048365,-0.3805117339181324,-0.5243385207015521,1.1556058933027362,0.814514304680938,591,0,test
-1.1860268433438277,0.33036638777647775,1.519620251079386,0.5643014402431872,0.9103771613146369,-2.25012399457413,-0.4585697789591617,0.33031608090853404,592,0,test
1.0833618858152274,-0.6747332851006547,-0.5987882391162385,0.823258057298759,-1.5227252989284477,-0.34941088932843434,-0.06093879863555718,0.561473437216999,593,0,test
-2.060993784989844,-1.1543538658118961,-1.858219214378995,-0.9373709906612777,-1.2862031052872502,-2.572013369152689,1.5112123796515542,-0.4726373923418709,594,0,test
1.239538272860856,-0.003091667444931112,-1.2561902390373871,1.1974950057427418,0.0191209917159626,0.28434768531918453,-0.17618620042756172,0.9690012156206137,595,0,train
-1.7946585118413594,0.33586201703250534,-2.764081824178464,-0.9069285999160408,-1.817981700552548,-2.5181321153284153,1.3192474422505431,-0.4386268099166817,596,0,test
1.9834939656856603,0.28569368646217574,-0.08275363118694679,0.6700576818988871,-3.095869850124228,0.5793887052977745,1.7286017933720392,0.5031101872364825,597,0,train
-0.23839377782986332,0.19256051698078033,-1.1131464911468987,0.051491627714467136,-1.2762320542869865,-1.4758816917320794,-2.291098771632207,-0.2027605640745422,598,0,train
-1.810269015234829,0.9802781137435145,-0.5193883880654759,-2.2496911476093158,-1.2160708184717066,-0.49387541927889766,-0.6864740433544215,-1.7971769736439698,599,0,test
-1.475057894696718,1.9779645286100584,-0.16062165755215974,-0.4900678417686134,0.21283411317894163,-1.437433821609838,1.016865120917888,-0.22570108909808362,600,0,train
1.920191978406205,0.7132406937487266,-1.7777100292119792,1.9585062521157321,-0.21861285866086733,0.1101644987319087,-0.5440544713181017,1.52325852804827,601,0,train
2.8978502737231397,0.4367235202798715,-1.2066215687583477,2.615691219571467,-1.256471218348161,0.3634242080887916,1.6420403910116503,2.1478471381753943,602,0,train
-2.2460883017370987,0.5384963981628567,-2.271084203228258,-1.862397754376758,1.9786155807919394,0.2965498584342672,0.35075868985286196,-1.0746174546731417,603,1,train
-2.5927979248544544,0.01450681527000138,-0.1453431478634184,-0.0840464372946067,0.5616305332327721,-3.3754913498813592,3.1989557765699685,0.34538861550465755,604,0,train
0.08738603450214581,-1.086954492465614,-1.8344213980565298,-1.4360342169852063,-2.0734378600404684,0.8885197330893567,-0.8040950608665803,-1.16438905285502,605,0,test
-0.05965854460175943,1.563727019426553,-0.10036940429875696,-1.1630696419104805,-1.2131385061067212,0.9555920887475134,0.9366926339843568,-0.8421205113912895,606,0,test
0.33909327401569656,-0.239345817573613,-2.606618128353887,0.4109729598249864,-1.1625942297635592,-1.153536673248828,-3.8534238626607276,0.009660199497942449,607,0,train
-1.2001811840399754,0.024929976974473026,-0.8357191669925946,-1.596356579810576,-2.392442197542624,-1.0315839869878287,0.3804355295642442,-1.2384839543882686,608,0,test
0.3763626471087482,-1.4186406719912368,-1.3312448706642528,0.397105913561124,-2.1119964930905706,-1.4438257174912228,-1.9768806873501772,0.05462491046238122,609,0,test
0.7240110342191229,1.6444441568970747,-1.5554986479669768,0.7567390780674246,-1.0853967966428524,-0.7996582853519766,-2.1527430835844883,0.38167078223147793,610,0,test
-0.2512979841476282,0.3532443077715486,-1.0727555406039422,-2.1326862292869864,-2.9097686653641412,0.8443754496727228,-0.7122403950152957,-1.7829025417455087,611,0,train
-1.474641403678048,-0.5900260637218907,0.3998682493560456,-0.3522367903200212,0.7024694199661431,-1.2265319254616285,2.074667415712203,-0.01826360205969222,612,0,train
0.4884909486945881,-0.48875986092034635,0.8997098146436918,1.6963134638649466,1.1726641171367445,-0.9038922071355127,0.4560202725397543,1.3334053915822535,613,0,train
0.48448087739417267,1.0452166322802106,-0.13566717282574836,1.0413375726653331,-2.139642248907776,-2.3685204497924874,-3.258620511079415,0.3147891625743248,614,1,train
-1.3835577651930953,-1.0112866464341157,-0.6645825930562049,-0.3982708554599943,-0.19245502929252534,-1.576685446123102,1.7621910046073759,-0.0638873509519225,615,0,train
0.5704974218517953,0.6391779432870144,-2.0202815868464903,2.400502945080078,0.4550498054430187,-2.1789514515082624,0.5610761429315557,2.044254337778218,616,1,train
-0.8515889239776966,-0.12767041317865976,-1.3188727831759233,-0.6347934667020513,-0.7183745074525703,-0.8586571760205806,0.22676530243294601,-0.3969947113970971,617,0,train
-0.9777263073264885,-1.0320653492890612,-1.53205710206382,-0.6323727833740234,0.21281770352396434,-0.5908941787584053,-0.5394398961103154,-0.4070535062961055,618,1,train
0.07318942979366828,1.6564415937599872,-0.3799152141366048,0.6382824978466037,-1.1031639223831367,-1.4844108709018382,-0.2098621520627878,0.42179775253898805,619,0,train
0.9753759142404422,0.5813253179566592,-1.35417736942535,0.8772565031595171,-3.2200945794111018,-1.6420412042771952,-0.2932657550061206,0.5321591992186733,620,0,train
0.8617124273150513,-0.18111673947468063,-0.7687484440811531,1.1319607136605172,-0.8127301770029414,-0.8331351666660645,-1.025790770976811,0.7461216250929187,621,0,test
0.7325482743516556,-0.7265231465262814,-1.4515623686387675,1.85528775715028,-0.5746997470024244,-1.4543208099142853,3.2331175851454015,1.8185906237644847,622,0,train
-1.712681764385515,0.8405179857856706,-1.1626395179704314,-1.4888859015702345,-0.9250312160202303,-1.120411209893001,0.4704705443431805,-1.0337466203751904,623,0,train
-0.08601959451914493,0.6737984450979424,-0.635458261180976,0.42975948313071766,-0.6791899792130902,-1.3824541849518406,-1.9643370504171282,0.11852115960915574,624,0,train
-1.3762707399632508,-0.7554372944115229,-0.41576859987815956,-1.2277548336200288,-1.4300145954189845,-1.3019998397605157,0.11873339912080438,-0.9601838448484978,625,0,test
-0.5801477296318364,0.5505486795400941,-0.8866471489542578,-0.25549649958106835,-1.4546955526560819,-1.2532598732768894,1.6358948272052263,-0.033870367168017945,626,0,test
0.11185006796516009,1.2641710172162324,1.2564658886780502,1.0073006509372395,2.0459281086075523,-0.15640170281782872,-0.9372421393588238,0.6899057325743967,627,1,train
1.7803165386773772,-1.4242645729156111,-0.9828403573686971,1.8173174199065656,-0.900897604096433,-0.3023373561075767,-0.2968378413271502,1.346966583611956,628,0,train
3.115766136213728,-1.564428043467021,-0.22172408148279843,-0.8083537373166462,-4.031523802834264,3.609576461173194,-1.5534873676098786,-1.0240899698878494,629,0,test
-0.02822256744857081,0.4416253859041946,0.3812391021484175,0.72203559169103,2.695551920901135,0.7449373144028583,1.8889772008417935,0.882444970912091,630,1,train
-3.5259888751637467,1.42778838120835,-0.9271695357407027,-0.8508533336181078,4.9084102116909945,-1.2662969206990617,2.2637066105766666,-0.016804731422555397,631,1,train
-3.321107952595142,0.5997367489188994,-0.6515556295345043,-2.1963458526710236,0.6830461678601728,-1.694556956912962,0.8941222874853106,-1.453184386746724,632,0,test
2.7232893550703747,0.6588538164680688,-0.5925271499460532,1.2625218002737095,-1.645948823899976,1.7951802183267773,1.6873405772153722,1.0634431240361377,633,0,train
0.15116881953049535,0.15152290449936287,-0.4759370557565949,-0.6254344207144638,-2.626544676702846,-0.41943432057601393,0.09076902180920354,-0.5849511985341572,634,0,train
-2.1991312465490815,-0.4198403418370983,-1.6708985838132209,-2.5678631476559968,-1.9771122086812367,-1.1024315116750918,-0.5985584854045273,-1.9876302151364953,635,0,train
-1.1868245374905058,-1.3769770513525574,0.9927043425451575,0.3688648144494153,0.3150819854330592,-2.3912353892356566,-1.061775977239465,0.11991441945198812,636,0,test
2.0576336830437847,0.15010169135882692,-1.9099128966604906,1.5497423711722476,-0.23369217562234945,0.8569373420970227,-1.0448386847091133,1.167430415856759,637,0,train
0.48713070825381166,0.7619653417541192,-1.7528523739182078,1.68664023147053,0.8824889350892893,-1.083689863238382,0.09518837771547439,1.4604189885405507,638,1,train
-0.9681790207178581,0.09548438608491688,-2.456893813048573,-2.673643541981517,0.4171791891919823,2.7263100027952585,1.5066194753100992,-1.6510204418431589,639,1,train
1.4825465200340777,0.9966550232784457,-1.3642790934762932,1.626140993808185,-2.718013856776721,-1.6226422620349514,-0.5138983328938108,1.1013269831494483,640,0,test
-2.3775051660177136,-1.4021708735476255,-1.0594000572360678,-0.42224200041183246,1.2284878339811467,-2.2193398057250455,2.4144203826495705,0.10797495045366928,641,0,train
-1.5101049074647317,-0.5923858904557162,-0.9685542788388279,-1.1792840785920902,-0.05270204604197137,-0.7010095231755591,0.6001668860442922,-0.749524145170929,642,0,train
-2.6598503043962074,-1.2788134018876496,-1.1729783925387525,-0.8770416800145269,0.49073240533689455,-2.583659936266424,1.352672183372386,-0.38430707790581464,643,0,train
-3.324929365126014,-0.722062033605596,-2.3436141590092014,-1.7665787788946117,0.1505763627899862,-2.5474335413413858,1.579810964616946,-0.9636637159519117,644,0,test
1.1476678421207447,1.0727340709822881,-0.7496999464670349,1.770520533373102,-0.20728237825464657,-0.9188837023072333,-0.9618484061279865,1.2682777167459187,645,0,train
-4.224284294800151,1.196587372950045,-1.8014377989016186,-1.2100015433623115,1.3969763355451428,-4.006663634693895,2.0524438686733397,-0.45040521314284393,646,0,test
0.3320956226405185,0.04121369678164785,-0.5252990317986247,0.991803059029763,-1.423626380063487,-1.7267703609160105,0.1371883845287819,0.7164599365526473,647,0,test
-0.7415809160915419,0.049956547395759686,-1.7434857939894606,1.1149590001753191,2.2996318467857257,-1.288703382224057,1.0548459516620028,1.223758511059201,648,1,train
2.3114886661786973,-0.5014184865120206,-0.9619851609076782,2.441606892677582,-0.568907184700675,-0.09477454000958874,0.12464197442693326,1.879025555921174,649,0,train
-1.4696341249659917,1.287223448112001,-2.1250237566565486,-0.06936648892014452,-0.5595454811394477,-2.2951758913783027,2.6684060539990755,0.3669409386293162,650,0,train
1.3894386323181298,-1.9315861336914002,-2.088058510425317,1.4434689271788912,0.05668147875980001,0.02992790668564249,-1.7079942164741788,1.0499884996942157,651,0,test
-0.006896590196055585,0.8262246618240998,-0.727339100967046,0.20797255223357358,-1.6095074289028606,-1.354491129225095,-0.7314463467750254,0.03551047924610707,652,0,test
0.48156269658001566,-1.053280276389558,-0.8606958453838555,0.9575762026147308,-0.2130442863765295,-0.7676465741833953,-0.42122282469452876,0.7244238977580459,653,0,test
-1.5568901079230102,0.7203782524138065,0.16730212286576596,0.14342714579603333,-0.08081732873827552,-2.387467960122987,3.4483934110409677,0.47660070627898976,654,0,train
-0.48113960698080754,0.37094566460446016,-1.1711141073601612,0.17519181435163234,-0.28587350047825133,-0.9221269218695684,2.3967871241464596,0.462912463227359,655,0,train
-0.014158916064456477,0.27257566134022126,1.099440928765497,-0.03986338980136295,1.4936466886582234,0.6433331640208113,-2.477785365735582,-0.289389332448397,656,1,test
-0.5369923910838412,0.3232038830457091,-2.208317443764585,-1.8362909390592157,-1.4905086686079252,0.7336843086989427,-1.4654286603505047,-1.473019428899166,657,0,train
1.7477757143463013,0.4575756361188582,1.5990135232522964,-0.5466980757995261,-2.8111062913859874,1.8560990329250102,-0.49126335646060826,-0.7599827485876788,658,0,train
0.07338722687753876,0.7606987944394349,-1.2863027844118442,0.6762523737348795,-1.1629541468370754,-1.3780728432459068,1.4619454094529984,0.6931864320268457,659,0,train
2.0652191814898453,-0.6724169525011392,-0.1931417336987642,2.665530796829035,-0.5220192028761197,-0.7160551977262641,0.8202102042480027,2.0730861304999486,660,0,train
0.7336735203618748,-0.3071278268417023,-0.8796132606925061,-0.25788925349908864,-1.764027843652786,0.57173937200954,0.5829853726428111,-0.17804764685848304,661,0,train
0.9407276750883325,-0.6496507804799893,-2.799415699725149,-0.11226525636380569,-2.548931199176023,-0.1297135710154711,-2.715005675529386,-0.33503495403238004,662,0,train
-0.11001862522985953,0.6597471095468185,-1.1258520316994762,0.30933700344724924,-2.6356054526448376,-1.847978305361438,3.1058943147958114,0.49675898045295697,663,0,train
0.815177895381033,-0.9710702572686986,-0.6859083309581211,0.901053181175221,-1.966113437862004,-1.2081118485137947,-0.47569664595081385,0.5574705904416066,664,0,test
-0.24330935833520217,0.8307200084387685,-2.038017774924342,1.3003654059027223,-0.40147950453562464,-2.5363150395209555,-0.41230133568291355,1.0634078285796729,665,1,train
0.10038092971015815,0.3216863327793035,-1.3383500680440048,0.25778440695769567,-1.2192445935594742,-1.2826201668583475,-3.1262998475640686,-0.12013146325419521,666,0,train
-1.5450070150404254,-0.24827100867282012,-0.969284352207287,-0.48056383031224587,-0.5646993187122336,-1.9090892360170364,2.0413717997435525,-0.0947679461427268,667,0,train
-0.45764607895068565,-0.40002053116740877,1.2369474162757244,0.8619724156334011,0.7627972423118893,-1.4186292279361217,1.0269368031829842,0.722682372167986,668,0,train
0.5715694699970157,0.7461273376842203,-0.43706266133194366,-0.9235913903083427,0.15138336978667588,2.5670240236001045,1.9227525540108412,-0.4541719025573752,669,1,train
-1.1873753109989245,-0.5393111807840414,-0.7801100224249746,0.5648177397795339,-0.2863652636611763,-2.5557727763433085,3.0554729315744518,0.8060106971089788,670,0,test
-0.29737857852827565,-0.5558818886651701,0.05594164944681079,0.6240915866221781,-0.4245527763242305,-1.8237316911804284,-1.6652920629826622,0.2647966798706419,671,0,train
4.564004112133897,-1.4235867435946634,-2.6854131054254027,3.468064693199266,0.25887954234320987,2.596759020658279,0.22304739647040372,2.822230649556995,672,1,test
-0.7337401687565497,-0.21001463567603962,-2.4802408047966487,-2.183802588738218,-0.35561690357330333,1.9425376240518326,1.5663324482645786,-1.3196159391759124,673,1,train
-0.6146478208787969,1.0607166106671015,-0.6774466323529647,-0.828391869139915,0.13232974842695933,0.27232175979441064,-0.1024007075916652,-0.5767474870677005,674,0,train
-1.110807967486946,-1.0958303460656649,-0.3201863518647824,-0.710726940311636,-4.19925212576664,-3.672869168709836,-3.3380426562761722,-1.1155589312260132,675,0,train
-2.622740772681731,1.540865425486595,-2.642480205650343,-2.352140220028999,0.5515319134792152,-0.25395628411285565,2.1997270447650377,-1.2994502406260529,676,1,test
1.30076250982938,-0.6354043558078355,-0.05792344452248399,-0.9139990763313594,-1.3643957758095775,2.583802936751915,-0.15864088071062332,-0.7942557411437842,677,0,train
-0.49413609092949473,-1.908415973141042,-2.4213191417387905,-0.9813073589664018,-3.822307170579149,-2.1500962878981627,-4.316570468599176,-1.2575981273108188,678,0,train
-0.4256190184009417,-0.1396867664156484,-0.20575528708060697,0.32621224387188774,0.6285683687592786,-0.839006442329838,-0.5331311891415818,0.24391686660143272,679,0,train
1.3663936787964586,1.4688862156186622,-2.625975420296804,0.7836274192140178,-1.7982956244138073,-0.2290707191047192,-2.2524548092452865,0.42139378760587476,680,0,train
0.11000261867259248,0.7886600118706828,-1.2879528089616623,0.2498105245398371,-1.7062844552629675,-1.4069504549223888,-1.8681075719548297,-0.022263114194035087,681,0,train
0.14133265212488758,-0.6302573337371532,-1.8934451368722118,0.8546825325187216,-1.058207845426626,-1.8288763852727694,-1.837792748430107,0.5199922531329313,682,0,train
0.29075286321957905,-0.4931532038404431,-1.0288540586996822,-0.6345655856282844,-0.9055820635165931,0.9396625572728982,0.8026474128944654,-0.3746297565276874,683,0,train
0.6135447977278612,0.4367132270988685,-2.409898606883485,0.2686164102859008,-0.1621506990160687,0.1712701157257387,-3.1815348500121923,0.017594573418837866,684,0,train
-1.1905960724216025,-2.38622776912896,-1.6952515287105447,0.023269065883353535,-0.39493749789216914,-1.8800530928241348,2.6841557129383364,0.415516136904065,685,0,train
-0.6016059609926329,-0.05117951850078787,0.4562006803819164,0.42026167540872883,-0.46676118791428284,-2.0290740592758505,-1.4664069692047557,0.10314889706607275,686,0,train
-0.23869023845252615,0.8847651863835756,-0.801554980819618,0.13130841172365915,-1.275236756736835,-1.5836786850459221,-2.204082103622743,-0.1552796477694518,687,0,train
2.24488239310169,0.38456598515188867,-1.6770068866413275,1.9846951088665916,-0.8025256561451444,0.20141097617128245,-0.9388910557761735,1.4562861970443894,688,0,train
-0.8545782526471422,1.1073324363379835,-1.1417876113139505,-2.506587485225359,-2.8974681249767196,0.2670490567560123,-2.0193975077437183,-2.197234061055382,689,0,test
-0.4918343413979212,-0.8154935180540983,-2.1941963595388416,-2.13338511714273,2.0047601884191595,3.6518944489530223,1.333322249618618,-1.1899240881407331,690,1,train
5.826606235007534,-0.4857523425396432,-2.5533335567750433,4.476048998944258,-0.45584615130244344,3.072798658181101,3.01746404983153,3.8265525257766666,691,0,train
-0.38049769529661215,3.0896118165848074,-0.765811735477516,0.3222780092401635,0.6547687207710543,-0.9076526869639636,-2.0233419506014716,0.12095437297371726,692,0,train
1.2985335524141137,0.1910923755117545,-0.8910111973402324,-1.052096985553757,-2.463346663352708,1.993748028664636,-1.3286470967776847,-1.0303669744303845,693,0,train
-5.303683636785091,0.438009969388526,-1.7150337230512158,-1.8067347206807731,2.1812753903634534,-4.516153114448652,1.23010551759914,-0.9429640545247866,694,0,train
-0.1487940327698592,0.8462385862532003,-2.175537920765871,-0.27706039147726924,-2.0280556840033257,-1.358094702494511,-2.8036534434409246,-0.4754554761409297,695,0,train
0.3404678222884552,-0.4397746804004872,-0.5531760680972118,-0.49975247672046347,-3.245906704090474,-0.604217753937397,0.6367162318492627,-0.463080833226242,696,0,test
-1.910442719358111,-0.22023305878428,-0.6119746067036513,0.6532968731320046,-0.7312665879032859,-4.540220301139916,-0.6480769130945668,0.43872888078160005,697,1,test
-2.3477238066527075,0.05727330731878946,-0.6622885706098627,-1.4927071373648975,-3.878908843213901,-4.383151988835426,-3.606252523566481,-1.6836303815055442,698,0,train
-0.054989139916161736,0.047029204334813696,-0.4293800744992598,0.5776564972522475,-0.9359456535213297,-1.6469985287245963,-1.4815240049747556,0.25253114918463637,699,0,train
-3.7890185234193003,-0.2801299239439952,-0.6855552523015185,-2.2271871944312354,0.16042911062917276,-2.695084612715462,1.1272661414806375,-1.4762041835303352,700,0,train
2.9454806701971963,-0.34164811628725866,0.733331188482745,0.7937740451686554,-1.9477814833803917,2.5637860371520724,1.0420897631333323,0.5243589888461031,701,0,test
-0.9536578355042049,0.17281611223955873,-2.3501808026626527,-2.077026538012215,-2.197525498216265,0.0665672076551097,-0.7171986570896521,-1.602499372671528,702,0,train
-2.100069733409844,-0.4466003110744285,-1.6852556340967093,-1.1454255166059872,4.987826056775907,1.3953567200762218,1.156320578515841,-0.3108410008816693,703,1,train
-2.220511618993909,-0.11227329741720735,-0.04786270033683204,0.5062995536230702,1.0435207519114986,-3.8128125337146144,-1.0435051427769508,0.35104625275699025,704,1,train
2.543280053271825,0.7035739779674982,-1.4021782651862136,2.2040181550036495,-0.19539509349030681,0.9127035513640064,0.6711134146102485,1.810448685064973,705,0,train
1.1615407269365707,-0.17833848549616393,-2.372573946482861,1.0112393448970243,0.2328488552588054,0.12869134730197251,-4.042797672705347,0.5026162652931311,706,0,test
0.9126260521785566,-1.6837775369331998,-1.7412792164986026,0.9799977029183813,-0.07021155430047776,-0.2042191663179158,-2.1560609624738176,0.6219782119887997,707,0,train
2.103399427568171,1.0039789002187967,-0.6238249903989666,0.2720859090243609,-0.9096218510886472,2.604967231148722,1.1873564204932128,0.3102861199176199,708,0,test
-0.017790227626419044,1.984696999103048,-0.9891980330390653,0.5576745804002698,-1.3198827677678597,-1.7112476173039728,-0.8375645138876062,0.32448171773586787,709,0,test
0.700483660632622,-1.0410124409475137,-1.1395221435602545,2.1814148982892587,0.1676427930091332,-1.917587075615002,-0.18252617590544995,1.7168463535131233,710,1,train
-0.2603730574514043,2.447126448783197,-0.3356717244847246,0.46621796861800424,-1.9840431173856707,-2.4189544983622144,-1.2066035909476167,0.13101980030544075,711,0,train
2.1703545952536163,0.8376221164709539,-1.8583394466405214,1.5129858580465658,-2.274264245018116,-0.18364513525514825,-1.4748923326165948,0.9682601722763512,712,0,train
-4.1538199686073485,-1.509148122773844,-1.2421341742224095,-2.2962946559693878,-0.10851400065601613,-3.4475749281687436,0.19772032196097722,-1.6023851074642206,713,0,train
0.4291049884262543,-1.0309082703303478,-0.8465516038736325,0.8564155673168412,-1.2212556260458094,-1.385156965756263,-1.059033377238428,0.5187663449447159,714,0,test
-1.7561077761783004,-0.3214948814996441,-0.47261235532975143,-2.0784461529330356,-1.6697647919466174,-0.8289794924162621,0.17425667539929401,-1.60490293956394,715,0,test
-1.9807264176784236,-0.45414816530093105,-0.9494644783165733,-1.7385699327025508,-0.973141584873315,-1.3522680514195984,-0.6536983030352507,-1.3605714368708854,716,0,test
0.4040770081456355,-0.08195698757228509,-1.6258633396976019,0.36637257851631067,-2.0945539734671126,-1.2671036887150282,-1.3164802815631387,0.12490108146512605,717,0,test
0.4069252225915274,1.3729340279691153,-0.002764919877547789,1.4274065122506072,0.020158546880312156,-1.4189053991887561,-0.30050921273731235,1.0455462575686827,718,0,test
2.0712661105886316,-0.6523830028328234,-2.0523742134256246,1.4924377976150924,-2.4660842124082856,-0.2977507856544833,-0.3198493550949899,1.0811898602761885,719,0,test
-0.29653322385820624,0.7451431299210192,0.7541301856907755,-0.27754914916572127,2.7841254913223152,1.8725067140099327,2.5298390802909743,0.17618267241953625,720,0,test
1.556844169061573,0.8329603952632176,-0.6049726975608407,-0.9090235720306098,-3.9482820211992067,1.444302682906327,-0.1408540328984974,-0.9034193513495629,721,0,train
3.1364178586791827,-1.1525562142362917,-0.3198556888524994,-0.5890566809283917,-3.586647561561759,3.69298240070805,-0.6896507951158227,-0.7315262323985401,722,0,train
-4.63793566967434,1.767242094280629,-2.1117794995188524,-3.0515048297837253,-1.2044462906683155,-3.993762366438577,-1.567349789736408,-2.3634182301215776,723,0,train
2.419997065784252,-0.47010539213648006,-1.445444415329133,2.868328109232862,-0.6881847066771395,-0.7513424833012059,-1.2070810220332682,2.0844384601001567,724,1,test
1.6597800792744912,0.11294138679959095,-2.4409598502530687,1.2339451523545717,-1.3836143575305875,-0.09328955032386543,-1.7045931004098844,0.8303686857731981,725,0,train
-0.4964000182311301,-1.5383068173575773,-0.010875852999006286,0.17511999013448043,-0.7312300728591535,-1.7328408992184765,-2.1068048159377013,-0.13445179397896276,726,0,train
-2.410049114928466,2.1281029368581805,-1.3139788146025795,-1.7446053630097973,0.4459834388987033,-1.1444232989939818,-0.3218212779318236,-1.2162438797779103,727,0,train
1.438116434694114,0.20789097131303091,-1.711356991711641,1.362216134879842,-0.8893344707170473,-0.41960044570651733,-2.356409530172566,0.8351294527208064,728,1,train
-0.5805557146992993,0.05545094101702772,0.930458971594544,0.5903202364431743,0.686187384299933,-1.2956890948594129,0.7961120151167548,0.5105963513234711,729,0,test
-4.2936028249071185,0.12561232781212953,-1.9177712056520413,-3.0897446757065157,-0.3028731036252238,-2.8295299781548917,-1.465523433659945,-2.3446236256634045,730,0,test
-1.7876577374521394,-1.6226875536261816,-1.0219566446647093,-1.3864125566171361,-1.01486567597269,-1.4592135262637376,0.34101119136961155,-0.9851117480532938,731,0,train
0.707302135290335,1.551923626345298,-0.14522183975096614,1.0355335153696803,-1.8601471913260252,-1.120733912429491,3.0417913828620278,1.0084170254430158,732,0,train
-0.30280757100036804,1.2200403638474766,-0.5451581712981476,0.6769525403780995,0.5600335706326093,-1.2954561959153215,-1.5251700031031468,0.42119430070688924,733,0,test
-2.0274368211930267,0.5818087249915488,0.33955998124651343,-0.10630463446876348,-0.08881862739222224,-2.8797475507087813,2.7034040710105556,0.1975925284955259,734,0,train
-4.305015184730686,0.2364167729973923,-2.5726174254912064,-0.8586937254432402,0.02250500014112322,-5.343083886049675,3.1143756746117512,-0.09467334778124545,735,0,train
0.32860906518337796,0.791052548450939,-2.018217719263499,2.7954894819933322,0.34993594553816576,-3.11640590083721,1.3245590058910142,2.4211425498353107,736,1,train
-1.0358869931415038,-0.9854832303977752,-1.8404303678692564,-0.994499927722715,-1.939119348040769,-1.3609760725782278,0.29139575446160026,-0.6952129565323573,737,0,train
-0.2872894530882553,-1.6926534590394575,-1.8538076518250453,-0.030729782099110703,-1.1121246843653674,-1.3576590704552882,-2.5246041373217474,-0.2270239895097106,738,0,test
-0.18353762956765718,0.791907770507734,0.26598377723467126,0.5980758471119065,0.8387487785261066,-0.7011207946914505,-0.3961696799689819,0.4411298287261341,739,0,test
-5.065345683161465,-0.45368175187387755,-1.4328603246678937,-2.4965020684615524,1.8414150671711829,-3.447178988147836,0.3142936121269262,-1.6059346950759121,740,0,train
0.09535029919426982,1.343320681824116,0.017108486921004862,0.592021068199375,0.42759763047728894,-0.4593415875231592,-0.15952995080203125,0.45379470680578465,741,0,train
1.3106210202329422,0.8531862648762985,-1.4130259151222258,0.14424691666240752,-1.5808961220515168,0.9645187937043967,-0.09708442934088002,0.09735374167368004,742,0,train
2.8483989539789776,-0.39416187855766976,-2.008080054949131,2.1317743374722,-2.9543868135807445,-0.6492299015835148,-3.817018683813516,1.1483286182152723,743,1,train
3.1534828359049527,-0.8341973014209131,-2.371559629040944,2.7727551738084197,-0.13143286239808738,1.0100295804947206,-0.37749273172996456,2.1959902965406437,744,0,train
1.8026715147328483,-0.14545958556715188,-0.3555188550020071,0.14842726909476467,-2.4470301430070482,1.2024271707883831,-0.29396389878523144,-0.05139233748046751,745,0,train
-0.8917287408460454,-0.4112188747848832,0.14797393362018008,-0.26194485031622106,-1.7650004060420792,-2.1810927767784287,-0.46548508460125915,-0.35670010709139777,746,0,train
-1.0688610217653118,-1.9323969719139795,-1.2810625659520403,-1.2319854703915394,-2.2589415325970155,-1.2601389145029676,0.37538450932519085,-0.9245287876651456,747,0,train
-1.975407581309605,1.507189504443925,0.10453753625765339,0.8254247321366247,4.653373296471267,-1.321484537329062,2.36985881846352,1.1621859409472906,748,1,train
0.022699419027247928,-1.4441657899270433,0.16161353171413373,-0.44903056538540104,0.955203145588457,1.45990003259748,1.8046002782731867,-0.09964134996165662,749,1,test
-1.9423248838377376,-0.8881537988568083,-2.786993999784081,-2.9000967941374953,-0.4618757592149477,0.7250257197284738,-0.48965415173933613,-2.0595480998296116,750,1,train
-0.6828774225918981,-2.6561785958400392,-0.38510330537749515,0.47049741559917735,0.848350296712055,-0.9671226622338552,2.6788497312177535,0.728695502950204,751,1,train
2.3438689530438968,0.5349488803825244,-1.88349586852465,1.8777656722107066,-1.5389949147660862,0.09670333353626859,-0.7431354015476929,1.367316822707608,752,0,train
2.516566636310609,-0.25799958695458486,-2.2117144029708005,2.075562219738502,-1.6139261034814059,-0.09659103077003572,-2.0357881588409885,1.3948013742033842,753,0,train
-0.10239678139990772,0.38389170750228435,-1.1012794789068705,-1.7196220798900717,0.10000161704702248,2.3029848079436674,-0.6901042696746865,-1.289728256562929,754,1,train
-0.6926834995474899,-3.168141499937992,0.7549520310618029,-0.8334953774134578,-0.8421879259549111,-0.31810662222465136,1.0258951166617387,-0.6181243340517457,755,0,test
-0.758870290497688,-0.7078426814995935,-0.15976030307101652,-1.4812955697650945,-2.3120822021117386,-0.5525683998195836,-0.6108677322888102,-1.3058632382935924,756,0,train
1.5253107686166179,-1.6057082835289709,-2.392885916487548,1.0494265112972283,-2.5876874184572674,-0.6653030264217391,-0.7798210985619143,0.7175429712803987,757,0,train
-1.288396914078115,-0.7441354301914073,-0.5602206148135999,1.0287738469734307,0.01959203132786491,-3.08673735332272,4.107963481377279,1.2739278352127485,758,0,test
2.4119233975351912,1.6518735961686868,-1.3539173468904726,0.9476529865817497,1.1999724288983353,3.0046406222516846,-2.374075041676841,0.6100029547444488,759,1,test
0.8776937280603103,-1.1268068338072912,-1.9594749503491653,0.6882949162514349,-1.7886225699607432,-0.8196575900156554,-1.6922531866746333,0.3662324091080883,760,0,train
-0.7216203179773449,-0.06265278834828976,-2.2367538138074368,-0.7375298005142751,-2.2525343316332975,-1.7940139908869397,-3.1365925671401493,-0.8644729055889299,761,0,train
0.313849212058212,-0.08461248308095655,-1.108020125494414,0.5092730876574209,-2.4475748016686727,-1.569626807834939,1.043562607712666,0.43130006206464894,762,0,train
1.7475021738627012,1.935214119054751,-1.528187589283169,1.8524653281429875,-0.39218810751333477,-0.25048719859060087,-1.6725079757748733,1.2939204096787158,763,0,train
-0.8303207831191297,0.11445955948060539,-0.0726980263611825,-0.1277576787408785,-0.4241940470477488,-1.2489550314244198,1.4656199479531917,0.048401512158462355,764,0,test
-0.05562155051006681,0.7155103392926304,-0.9891773205107942,-1.1736181961598335,-1.8479725776377816,0.4074578605213236,-0.801532587155812,-1.0119981320226723,765,0,train
-1.3106545606559366,0.6868219026215067,-0.1266108424633795,-1.3702089484463005,0.005488857527925717,-0.10155369825994254,0.37142827338891005,-0.9772091845132573,766,0,train
-0.6705527777336432,0.9008837107996179,-0.13515061067388023,0.8512400592720625,1.1191722914117324,-1.3191229548569194,2.818777595291915,1.0297623866074364,767,0,test
1.2644863545955787,1.7439443615302932,-0.5451684370444225,0.8223706587184066,-1.7556233200020794,0.055525468499590946,2.1646300606594457,0.7829875822277207,768,0,train
-0.4369157524104673,0.6261982894081712,-0.48770539281586284,-0.5618805067200712,2.437079415299669,1.9761256076203204,3.584258607825372,0.14509549711091757,769,1,train
0.18687602267512018,-0.1961901598729751,0.16620022857775896,0.9567957394526124,0.4408495765836554,-0.42490276353754014,3.4312106599870527,1.1080758353132163,770,0,train
-3.8752409506275516,0.5883142164253674,-0.34509877910146824,-1.3172129528177168,1.1413394754746025,-3.742814251941749,-0.5077133749370539,-0.9310296448584341,771,1,test
0.034899324357162816,-0.875311719612177,-0.813897469214429,-0.052645031118404684,-2.0890049899989105,-0.8466166390872044,2.393124416800361,0.1545006258984475,772,0,train
-0.8136333767602959,-0.015932572478328817,-0.9132836231586159,-1.1902373462428624,-0.5916997896840546,0.05271660054431493,0.02676750740168843,-0.8607332309638629,773,0,test
2.312298731336655,0.2064356351442099,-2.077865661554318,1.9801689825596163,-1.0862185570521143,0.09901000026359985,-1.3912347139313046,1.4154425909732145,774,0,train
3.5900864771251833,0.9856639558865791,-0.7939034159331411,1.485345678475118,-3.9129571896504056,1.5300116039799954,1.81327208903526,1.1201691996079042,775,0,train
1.0972482087287816,-3.2366591902229156,-3.101087464686781,0.18684855499720399,-3.4760924319726203,-1.0196240902549398,-4.112609948294537,-0.29429682737704693,776,0,train
-1.5499664231169676,0.1285780620539625,-0.8043494023248307,-1.6373096148039203,-0.9328831094529454,-0.7034873318897061,0.007067722192780179,-1.2235920171315822,777,0,test
-1.0613014957566158,-0.1563233588436765,-0.2949624883715155,-0.2963623674707456,-1.0963796518998727,-1.75207875993297,1.7323612391634047,-0.07220231718546048,778,0,test
-4.413590823387479,-0.6975833993849786,-2.180383038470435,-1.505771822550669,0.6591236160073591,-4.414744701174516,1.277812707272283,-0.772922324542797,779,1,test
-0.18722362625878416,-0.3041799155339544,-1.309304900007314,0.09616975112595172,-0.9541719848647118,-1.288183363361716,-2.523165927991827,-0.16140965242217387,780,0,train
0.79775610918959,2.1130260444559346,-0.9365951076074097,1.1348342212306506,-0.9913421824433344,-1.0125029877356426,-0.7227291793310792,0.7831187773242052,781,0,test
0.6790665049066953,-1.2217117476134178,-1.0995746322583786,-1.2517042315429765,-3.2704259723431903,0.8700406469387781,-0.6651443529118174,-1.1375439839264785,782,0,train
0.5723881215760286,0.8086776864100128,-0.5664447614590205,1.0307830553583368,-0.41746422572345904,-0.8120267180902162,-0.07018772079141744,0.7839800046086242,783,0,train
0.01134586987140576,0.7094712375761001,-1.4072949472309637,0.32373282636732537,-1.5841211949209648,-1.7258602338735312,-2.9966556769456627,-0.07210770638860578,784,0,test
-0.7957891230490696,1.3775474846843367,-2.589103149426276,-2.6732156329550434,0.9468673005403179,3.367313714039101,1.887260057946428,-1.5700095195144372,785,1,train
2.4388734928566658,1.3008438509221947,-0.40936265841020464,2.4845205841037656,0.04044043372318262,0.5563002600194272,1.4122949638873985,2.04626115950131,786,0,train
1.3492460826944546,-1.122184849239121,-1.1081163107528038,1.0679724156371275,-1.8281774581432257,-0.5356955720695451,-0.8149367629206721,0.6815381188161569,787,0,test
1.9868665209694314,-0.013563389108324619,-1.9906867471305523,1.5244024543937833,-1.7907064338189111,-0.21532557977019195,-1.565409097380659,1.0064307971769642,788,0,train
-0.03791744189535829,1.1893095142462122,-0.1111484504697623,0.7135979304804714,-1.157795222612244,-1.8294015109719433,-0.4000492041978456,0.4364513282193069,789,0,train
2.528980051604106,0.2816004202597121,0.8637360951186878,1.7868071860881485,-1.7299442310148976,0.814036729775048,3.0341032669014214,1.497771575589262,790,0,train
-0.007692797391783748,0.7898385597938229,-0.5422575805323342,0.3503068191722978,-0.3414418110154869,-0.6818044279669784,0.31588401876937733,0.3180659002220047,791,0,train
0.21252889264478075,1.0661841499223201,0.6361493380019562,1.747208606968433,1.6744147503332778,-0.9879144133757853,1.6250663992133236,1.5490479298227797,792,1,train
-3.110668437684476,-0.3731431897116845,-1.7525235203334222,-2.2512732041089043,-1.214296929868083,-2.4482965658170768,0.518311505019942,-1.5697185517496344,793,0,train
2.154385413148933,-0.952761951545113,-0.42085359125177707,2.8440900036006154,0.9382148446702933,0.002153426320312457,0.3857414568871532,2.262843946916102,794,0,test
0.4077954358802726,-1.0707312340279334,-0.5784834575352835,0.33967583626359255,1.1886490443069353,0.6765836012131595,-1.8981999663348277,0.15993269685669803,795,1,test
-1.705902799419461,-1.0038043327321915,-1.5123578499890185,-0.09549448192786192,2.104996987255195,-1.324389493718899,0.17570561841914445,0.19190921881175588,796,1,train
-0.5229912825425238,-0.10361304561228322,-1.6235767751317896,-0.014374820974586089,-1.3439671761719623,-1.3977696676280051,1.9647746353353979,0.2431730372091498,797,0,test
-0.7516243746001162,-0.4240332942172923,-0.5072566267288272,0.05145460925312184,-2.018466680251828,-2.678365088770654,-1.583475868108516,-0.20965233669421893,798,0,train
0.8759972618287382,0.8889541958419515,0.49849351580349943,0.40369525486236346,-0.17139403784326324,0.9468952372797711,1.9329482264574018,0.4624475786759206,799,0,train
-2.6196182315957897,1.5224099364971158,-0.8127942760628848,0.21698042397313533,2.1277520125923766,-2.937631211779509,2.9077487046412154,0.6819665901773845,800,0,test
2.298036766422212,-1.4306120437295187,0.32321643992357074,0.7578616670826964,0.3385279766564163,2.391987042140965,-3.869986536405244,0.13401381309076857,801,1,train
0.8621780115205018,-0.5172207950852087,0.3975584865165155,1.5485998388791469,-0.4883443610463935,-1.1499355138358678,-0.15838964568048608,1.0905731900767535,802,0,train
-5.375374257302282,-0.24298692719860235,-1.4907021498137512,-4.382974157163891,0.004400302118069299,-2.596614819378749,-1.995110834584469,-3.384856501767622,803,0,train
-1.4239415275255152,-1.536452985006634,-0.5563474340579453,-1.1139041300788801,0.5934089442095017,-0.3513954387066872,-0.1135743918226143,-0.7695421136122391,804,0,train
-1.085275412346242,-0.5195826420902453,-0.7313971370105122,-0.7028189848447437,-1.2726851711401916,-1.3942525129761265,0.9643145394749579,-0.441710984071059,805,0,train
0.1577785157005696,0.5992323584811089,-1.7108041652568766,-0.19595654096924775,-3.0087427877198976,-1.4616793862396509,-1.820719830178612,-0.4010411377795265,806,0,train
2.504921480606981,-0.9597170101570288,-0.47114494629714654,0.658183299857971,-2.7746821135241895,1.4385090818008517,-0.031118919970010928,0.34653087961931717,807,0,train
-0.5842573235396856,-0.2350772144110872,-0.9816900321807118,-0.8340911706608946,-1.514656870983785,-0.5607728547233145,0.7586652616546952,-0.5632170820399716,808,0,train
0.12671167330933072,-1.104517756538192,-1.3283552448385123,-0.8325826291244786,-1.1975133544371999,0.8069625456022628,0.9841947615310197,-0.49924061183900453,809,1,train
-1.2206747143631314,1.5658915499587904,-1.0732572286520599,-1.395343432538418,1.3760529660593357,0.9460292841423769,0.6657613254668113,-0.8162332867025708,810,1,train
-1.2572558619636063,-0.9748310226461053,-1.6150508159632768,0.5992229862445557,2.870236766664682,-1.0204114311463761,1.215986108523139,0.8792777373007988,811,1,train
1.8742275413378586,-0.11141438648361592,-1.9802500825117044,1.5691380209759467,-0.37914118167085686,0.48542207116574565,-0.6894492140147856,1.218415099385204,812,0,test
0.04246408207232867,0.6405126054359133,-2.222231520755048,0.07876873491905367,-2.3488925637457005,-1.8121042371900673,-3.323076596883103,-0.27952374444625305,813,0,train
-3.9824729148228317,0.8958673847703862,-2.3569378669331673,-2.4397560636348645,-1.899612916689807,-4.027037117863546,0.2300226860133353,-1.7341373664396036,814,0,train
0.697895532246849,0.722338018801367,-0.20020539849878682,1.2037455432885276,0.13221251112645793,-0.1378868025389982,3.412758771874387,1.2972691629425428,815,0,train
-0.39277988836585537,0.0885731886179632,-1.0437570408364434,1.684749697402128,1.4218438599436207,-1.778319801365992,3.719172353867497,1.8388252291254157,816,0,train
-0.8732364494079049,1.6826808210189261,0.4720445131100274,0.008994100512852432,-0.8510129977568381,-1.7570452769162728,1.6413306956942249,0.10690853417316605,817,0,test
-0.7163055857205413,0.6665243843388617,-0.00872843594848316,0.32051093969486355,-1.0878178795105211,-2.3477695710117663,-0.6456784586077192,0.11422943181846845,818,0,train
0.8473590572527258,1.058012169517194,0.4131269189982286,-0.008317551648795996,-2.1293622464236863,0.21351225877447677,1.012182135641431,-0.05798557395095707,819,0,train
-1.174267230761558,0.015790732970186294,-1.5908828109017867,-1.4061421255222286,-3.3638671737698593,-2.1879503048570417,-2.6957764862242484,-1.431036126722858,820,0,train
1.3589680412201695,0.01775477447968276,-2.03678514982937,1.2193154998647726,-0.0566068617871196,0.1829777079940308,-2.1679738934335413,0.8204772016174738,821,0,test
-1.4402492027266034,-0.6403443942617568,-0.8146206307608999,0.14559810607581725,0.37563464550762904,-1.893665248619909,3.669424163184838,0.5987576124090949,822,0,test
-2.9728381302660694,-0.47185262124891525,-2.0617517228626543,0.25549841288073927,1.4863652458321974,-3.933634367944096,2.9580313159111413,0.7710246088874174,823,0,train
-0.5192004789319069,0.685009837045843,0.19498944751272307,0.17045948792084975,-1.2226255864470954,-1.9560561377241372,-1.1822572752253093,-0.08140501972700662,824,0,train
-0.809866971880288,-0.3347630984276268,-1.4901466499392744,0.6725538348885463,1.569966811747754,-1.3007468687953405,0.1889083990170074,0.7346267821320849,825,1,train
-0.22303108503037392,1.214579548164428,-1.794170892626647,-1.5195075692576885,1.1796388674992102,2.522918777383874,-0.26435666177596395,-0.9779752933184278,826,1,test
-2.4761693805293543,-0.8445396095478273,-0.9232610373754242,-1.4741527209061682,0.5361011255650444,-1.527904976140468,0.2308159876034913,-0.9740806069007218,827,0,train
1.5346401919357235,0.23165440183587804,-0.5827155166399474,1.7938852714645472,-0.15635659988417072,-0.21261600610352327,-0.2128558659154799,1.35527179078109,828,0,test
2.3461581040098927,0.5106214068435654,1.0464243214535562,0.7997548065205803,-1.855245172384829,1.6622124895768877,1.2564179337616217,0.5394354120301663,829,0,train
-0.17923659212794754,1.0428654947950884,0.4149348443043993,-0.3624540631769655,1.7959124712129833,1.3139087927654944,0.05157328254873683,-0.19122618423158774,830,1,test
1.5977929918919778,-0.38756549320176975,0.6196645791484504,1.095843950210186,0.45326119052106445,1.7988594173324115,4.646468866846325,1.3027706134395534,831,1,train
-0.9182401968993394,0.49760956705152015,-1.1608705043769914,-0.7585854516328222,-0.4020874313762952,-0.7103918092160827,-0.7566123363412883,-0.5893752875116094,832,0,train
-1.0379286200131905,0.22548136131264157,-0.3086155071554807,0.03784931923519652,1.946552641317258,-0.6501286637920711,-0.7887614591400627,0.08763452118845931,833,1,train
0.8584663801055348,0.574186874297882,-2.741930410074669,0.3286372622989038,-2.647853174468593,-0.9297562674136323,-2.4660890478051383,0.01606485748835697,834,0,train
-0.18502417892313125,-0.9391530293888251,0.6343614924890145,0.9532722731728864,-0.05290510434720941,-1.7638326143707652,-0.47879354021459486,0.6218531992783187,835,0,train
1.1238207297976406,-2.273704269616043,-0.5424706408745856,1.5285710682425822,-1.1144159191503313,-1.0174519736531622,0.2693699077736461,1.1504698073416677,836,0,train
-0.1470163677782859,0.6314572848886753,-1.08478769955172,0.022435559997052712,-1.7688964082204568,-1.4512706070655674,-1.1264819188110846,-0.13031966947982182,837,0,train
-0.363125560247651,-3.0356229118480935,-0.21787906626190923,0.8308790955394181,0.571044306293735,-1.5454098109578367,-0.9431225638699705,0.5782559212553031,838,0,train
-1.3070717234799203,-1.199907819000482,-0.9498138585565084,-1.5463698272298627,-1.4556813925310712,-0.7354970876316425,0.1746582951946104,-1.1587852698409344,839,0,train
1.703449785523303,1.8851008761880628,-0.39270949274315836,1.9323652111797158,1.9407375314550674,1.1869227439696894,0.37658249982088343,1.6325783894165982,840,0,train
0.06684579163121475,0.03857021675739787,-0.061824739864678735,1.4824481400704013,1.6588204849550143,-0.5787819282395277,3.990074745843091,1.655243741902818,841,0,test
1.0073324990536223,0.7057511382667715,-0.21764281527770102,1.4304304631761622,-0.8445216389450522,-0.9323090324944574,0.029498452582807255,1.0436788797329357,842,0,train
-0.8367754153096935,0.03715025536665305,-1.634327397551914,0.2688369153617888,-0.564817399148122,-1.7419358655144772,2.8776723636700368,0.6052577142500256,843,1,test
-1.7423629776004952,0.6404761210837403,0.463376687805127,-0.7952510342451183,-1.6065575393737355,-2.831930221003028,-1.6591441513045897,-0.8965041704907282,844,0,test
0.8140425022773558,1.375497564678256,0.4155620064292874,1.3576753263094354,-2.196965594739046,-1.875176895899609,0.7746467647367107,0.9455931217387638,845,0,train
2.8096338613924927,0.4084882453546659,-2.9155540972463,2.057837879410559,-2.3630492224089927,-0.09833707464084984,-2.5448961932631042,1.3305118945260896,846,0,train
4.56417112924765,-0.858953244192215,-1.7846201678259743,4.276958482038445,-0.3022501114237722,1.203053066665495,1.255276017062997,3.4481204352550456,847,0,train
1.538743846433099,-0.7147889660715644,-0.34294918162833055,-1.0146821654443832,-2.454483670886908,2.4397596473872225,-0.3473834205399525,-0.9363632388777501,848,0,train
-2.378486758839722,-0.8633020561137096,-2.602445102469572,-1.7210713903489663,-0.5201842518549126,-1.7405699057603696,-0.7107833891850076,-1.2052079948570802,849,0,test
2.6030549774764373,-0.16080434995062454,-0.9006266911148837,2.362062731184586,-0.5466867439201148,0.6263625355720052,1.205122733674974,1.930678138986264,850,0,test
-4.678066138393497,0.0787153453191153,-2.8035950146253925,-2.2730313836526803,0.2920308835402886,-3.945663387796795,1.3424686458024735,-1.3212138959532747,851,0,test
-2.9480830828633637,0.5892020855584628,-1.7070469491019777,0.17318577012152547,4.787762522792358,-1.7481386053178927,3.3563783464384707,0.9208204609643886,852,1,train
0.5353926508832756,0.5542090413324731,-0.8624832119119545,0.6031121676326674,-0.7756956287259802,-0.47222730104911537,-0.10115718155919995,0.4575582117205136,853,0,train
0.43459145461518484,-1.0178453462135555,0.058597489518902535,0.51378317165546,-2.094953122813355,-1.7417378530036998,-3.9447864377491837,-0.1695314733188226,854,1,test
-1.181984627071883,-0.41804320786776006,-1.7707267052988962,-1.7965333319689627,-1.3804821239836875,-0.20017397362519151,-0.5341439408746417,-1.3623088264723673,855,0,train
0.7034365662899309,-0.5819247290505282,-0.4024099529895927,1.4620572814650115,1.2806769842849413,-0.28460756861209546,-0.807627013725352,1.117650316605466,856,0,test
-1.7719491972019024,-1.1115592654272195,-0.6218324027844542,-0.19096336574236605,0.6311357218596358,-2.341696488111034,-1.1873011641057365,-0.1782843066417893,857,1,test
-1.4860768784483311,-1.0893474197974142,-1.1291283983893283,-0.18873944244189167,2.065273010327909,-0.8769332987656175,0.03994194075580404,0.07520589982611717,858,1,train
1.055115053094656,0.9459977323889419,-0.8560528374481489,0.3777530912053636,-3.5415645499546686,-0.7456571107736785,1.8848850357785372,0.3349826183012066,859,1,train
1.7890520617269492,-0.45926708366625557,-1.1292115326040468,2.063369924154431,0.31581042423531314,0.16441823647160747,0.3598945677557609,1.6863714691665916,860,0,test
-4.170904171263965,-0.017543909485183307,-2.5494886988260768,-1.4116567439431082,0.00824508393382728,-4.467120327701248,1.9734746235276832,-0.6399957682810001,861,0,test
-3.961889616771475,-0.5943833392222766,-2.032655803570408,-1.167546136254118,1.1515778900985691,-3.5977825352753627,3.7443912136024475,-0.23478279741400576,862,0,train
-0.2687357867855095,0.012875960395945577,-1.9576129728881755,0.48376268846760817,0.41384632429275026,-0.7396862952127965,1.1141376078801288,0.6535463601890161,863,0,test
0.828665146211899,-1.0642460387402337,-1.4169717177352603,1.103381334207267,-0.12387029304346886,-0.4420270334436326,-1.1725580036738408,0.7959992069993341,864,0,train
-1.3115447401093765,0.8138107845241888,-1.7433100309366791,-0.9553426254505776,-2.461433272265235,-2.104943659666873,0.9430328313738597,-0.6307542529114367,865,0,train
-4.432265501771271,0.8047325866088373,-0.73418625081825,-3.2846794657253415,0.13482793911236135,-2.3982136036733657,-0.38073015210297834,-2.4327613991658548,866,0,train
0.587264556906367,-1.2056398037702811,0.41970101707138296,1.6825739879523185,2.228121628655685,-0.01539556947793197,1.0759497917169467,1.486121833785946,867,0,test
-1.308014340566798,0.12458981038000108,-1.0027874104099743,0.5416424204131874,0.8547333078829221,-2.101626447681915,2.41622964260661,0.8033564380902879,868,0,train
1.9196821094124605,-0.1775369805974537,-2.9947285051579438,1.3271484636501463,-0.9667142501011089,0.31916382129217225,-2.8533758642761504,0.8388728770539843,869,0,train
-1.6438272986137186,0.8580220225954477,-2.3777254509024344,-1.8753898706125869,0.3603184002971739,0.44556036840502566,1.482746921540476,-1.0539257397281343,870,1,train
-0.3048997203230824,-0.36354881573862713,-0.9548833334510749,-0.4951394270196411,-0.13074813490662474,0.23889727692470053,0.7923360838174307,-0.22559316019578946,871,0,train
1.5188338404267345,0.41906534948943736,0.7894740752478165,0.7737384748704653,-1.6493682934908374,0.60167294457401,2.2751362681816207,0.6667263760949035,872,0,train
-1.9220245915789471,-1.6226004895978416,-1.4489836910300764,-2.075932747493399,-0.9984482573227582,-0.6986410499817375,0.08669357551497126,-1.5015914226836309,873,0,test
-1.8240999960090227,-0.9622174305142153,-1.6452272598974935,-0.9844890754840848,-0.0927276000968652,-1.3892269796639116,1.6511970440168815,-0.4398022907906471,874,0,train
-2.8671337512963326,0.27218213002578157,-2.658197349664677,-0.6683939939616537,0.5204130769619001,-3.047739084477588,2.601011548822178,0.01866631244819488,875,0,test
-1.1673381970425505,0.786826517917075,-0.7498851147665476,-0.6762522297442155,-2.144233422092804,-2.0075154231452172,1.6887073404818662,-0.3925841284677699,876,0,test
2.8816624090185208,-0.3468922161175401,-1.3723551436923729,1.5834317568876624,0.7191134840370481,2.582363464277248,-2.178254730705638,1.0816741933699816,877,1,train
2.4453400386670534,-1.1021677625374968,1.1625629372346609,0.32364390645193664,-3.3821994709254635,1.4074258391276642,-0.3555192531253065,-0.09435424234478232,878,0,train
0.757232051126555,-2.559706791917635,-1.3611023141381746,0.7739005203477473,-0.7311248816383967,-0.4023115489540967,-0.7607748096341408,0.5521093893495865,879,0,train
-1.8401802211197789,0.8020117937743015,-0.03458110924887181,-0.32831026362779847,1.3921344124226152,-1.2641868643099219,3.5805051000323793,0.23746329269328426,880,0,train
-2.3057413722192996,-0.47976766375318625,-1.9663199477275435,-1.6683653500055127,-1.6609279884621102,-2.242589843163403,0.5990965588531167,-1.1368949766768877,881,0,train
0.8993960030432635,0.37057083774665717,-0.927525385505063,1.0683180527820728,0.11525279724664539,-0.07287017971315268,-0.5983838668959093,0.8100987968960939,882,0,test
-3.312830587810661,1.2690931997460186,-4.606572409023514,-4.035754043504856,0.125344415803321,0.45476656202174565,-0.9952677955139076,-2.7980397880777086,883,1,test
-0.566689198224737,-0.4047669227334635,-1.1126172264682639,0.09469274920574766,-0.7498753870489666,-1.8092684192116544,-2.790445334675543,-0.19079978315808696,884,0,train
-0.3606674529045442,-0.7328607786936794,-0.09668110202842928,-0.20378059927464975,2.008274737136824,1.4197696780868436,4.446880634077685,0.45549164590152724,885,1,train
0.1332619779356204,-0.4005614799196769,2.3223853381876443,1.2140312461950264,3.6158144358987427,0.5596841419654364,-0.5409096974969793,0.9050146427078952,886,1,train
0.8620232562563886,-1.1014795763313627,-1.0369747037921613,0.8946922978408087,-0.18090512590990204,0.005167703157208159,-0.017053236581119235,0.7324213066767665,887,0,test
-0.966317649852232,-1.1724151502271167,-0.4803864294788716,-0.6437671787431704,2.384306334071732,0.6431170988758877,-1.4011090745333212,-0.4566534796261923,888,1,train
-1.8097306935329163,-0.32711146676494507,-3.965704904698542,-3.6086737114995575,0.6634077641831169,2.795573054912739,0.8252676395225863,-2.3030670774576842,889,1,test
-0.09613070498168776,-1.268508829332675,-1.188108840631399,0.2412552774152481,-0.3227108492286219,-1.0288184196892103,-3.0349615375010774,-0.07926225943608281,890,0,train
-2.655488185042089,0.46195090657972177,-2.2188436671272926,-1.9101254945153658,0.1525935459831561,-1.3867603330242884,0.430531149533343,-1.210457724275352,891,0,train
0.7608369334855967,1.3135741994585892,-1.4524862932337355,-0.9382109098758346,-3.7466383519627096,0.3762071713678087,0.2969046129554326,-0.799521949088047,892,0,test
-0.5925237896234485,0.22767346280999462,-1.0112357218741088,0.9452959937131615,1.6177900762165542,-1.296303002100427,0.3750752111000967,0.9279314221310786,893,1,train
-0.560244472460267,1.6001515183963997,-0.6062541237748375,-0.31720822263203563,-0.19605972749172207,-0.41431100647761215,1.31271609190913,-0.06166429558772283,894,0,test
-1.0668312089893353,-0.38774478527114803,-1.1626576536707733,-0.6077673390166328,-2.2307565933520053,-2.5283710204092835,-3.068122527020699,-0.832246864060002,895,0,test
0.39091894112549924,0.4613078107267097,0.6421876866179997,-0.49302787071658644,1.3137205781342804,2.1582031607920236,0.2770200473791994,-0.31446448535585336,896,1,train
-3.375383122505031,1.4863525093649925,-1.0256573204012862,-2.048868167904325,0.05679334525697821,-2.394190281850348,0.662141801552633,-1.3764057440092496,897,0,test
1.1380720347508484,0.983958644221199,-1.0008784196661593,1.5297233315755383,0.4854890242094402,-0.0527222994546136,0.06741497534038376,1.2565712839820873,898,0,train
0.8445317723685629,-0.14897918376605618,-0.07516280702562061,1.3100755952702747,0.16119350672434163,-0.37781787152561574,0.3946082612288949,1.0424172073653704,899,0,test
2.182595997041963,0.9836981556721122,-1.693451997246283,2.1608080720703304,0.04296661872808649,0.4013893099421738,-0.5320681480465592,1.685027752184364,900,0,train
0.23576840071886515,-0.19236336177073643,0.017292248140144517,1.073197652170111,1.506438525607538,-0.26382990744056156,-0.04835939119208077,0.8923376634141573,901,0,test
-1.3856366688152706,-1.4740440937499941,0.493047732766725,-0.3931241971810361,-0.8717109387185215,-2.2735471776606175,-0.6078511337488134,-0.439883361634938,902,0,test
0.32778682366159495,1.6946507518957643,-1.5962502792041948,1.7253334040255626,0.5276017036075085,-1.619474158799771,0.029788955806183015,1.4516015984507986,903,1,train
-5.324922006506538,-0.5867983004576599,-1.0428221420938542,-3.376943618818822,0.6942757486973298,-3.302409405639623,0.22671329121343764,-2.3751052431958057,904,0,train
2.3798954267984347,1.0782956361249743,-1.8774228032942792,1.775549545417746,0.29377273428493955,1.3689002008340165,-1.0561223683100422,1.3634092966917501,905,0,train
-1.8879903699564942,-1.2795400499254823,-1.0634670808068178,-0.14171962844618236,1.2797819737771832,-1.7482893781355924,2.8746822172451574,0.36976368858349684,906,0,train
1.3116028788684266,1.2587978362334578,-0.2760493850629757,0.36657696209261037,-0.6806815652424221,1.3146490001615567,1.1226929689891942,0.3690403996788359,907,0,train
2.414550025119533,-0.624990018107626,-1.6106477271864612,1.8956699844725002,-1.2779710747384447,0.4776631829521517,0.4788275757153323,1.5084988093887717,908,0,test
-1.2981487766745137,1.0134499587060628,-1.1535320465672072,-1.9225742503323793,-1.8039323627063841,-0.4169416770137712,-0.09229244219040245,-1.4782176745043836,909,0,train
0.3892279507628819,-0.6441907621818163,0.147072928879607,-0.7147222777192748,1.1773477649010577,2.4159666983507337,0.44370609992982274,-0.43656141504998847,910,1,train
-3.4592814575900057,-0.11164048301609314,-1.3002755284898444,-2.07230206225582,-1.071185917885054,-3.179626274825321,0.5947749165495505,-1.447568891231214,911,0,test
0.4479140790466024,0.19846923504744007,-0.4660341412928491,0.6177272299474235,-3.241029829587551,-2.0169895691572233,0.8190732850758317,0.3951706358288821,912,0,train
-3.9919727269395437,-1.1089739958898714,-1.958023929945497,-2.1918025072984264,-0.539199792881024,-3.5596776392529557,0.45507135404579574,-1.4706168390441225,913,0,train
1.0394317125689019,-1.4519710904031942,-2.91860180705208,0.6302775676330433,-1.9895469517428612,-0.8152447419528895,-3.719380136691119,0.15862724799294545,914,0,test
-1.8524874253389099,1.550669656823349,-0.5357120323370606,0.5416659523317079,0.9710068856053374,-2.7707057510985087,3.714317008106254,0.9212637937595071,915,0,train
0.8720383276606406,1.6853354951382036,-0.7851237417431411,1.6209596272628533,-0.4387197697996459,-1.2860673560822022,-0.9409001295852549,1.1483343575932323,916,0,test
-2.7351001539979,0.45258409702873836,-0.569390441906261,-0.7149932196256232,0.09273356439551861,-3.0396785650937117,2.627999793894443,-0.18984332278687913,917,0,train
1.1377756968331305,0.048263519479132724,-0.5786002500754989,-0.5118731630763104,-3.036395610544324,0.8175232720022082,0.5273322527705574,-0.4757366322113499,918,0,train
3.232469966479871,1.6164317028394681,-2.0541616435384666,2.3675531632122135,-1.340025505891112,1.0910015508645556,0.5012117676959676,1.8900860153910246,919,0,test
-4.350207003920918,0.8666142248227136,-1.9178985362519452,-0.5626779324204596,0.6230994042249708,-5.363492389041996,4.211576848051654,0.23678564734768048,920,0,train
-1.4939457350872747,1.2204550998131718,0.13677812691413893,-0.17942900526343342,-0.05597131914399289,-2.4219728669592344,-2.0178842168429822,-0.3565352732724653,921,1,train
0.40374913697588793,-0.25497384877977686,-0.4335425034180142,-0.8293835993524153,-3.244972763277351,-0.1011008234728018,-0.01518866484035597,-0.7920262398440229,922,0,train
-3.0995912350871375,-0.6928156478249893,-1.6361123372820066,-2.0589316822143453,-0.08764089980494794,-1.985166307467666,0.9243348093913002,-1.3222952038152436,923,0,train
2.5936940521424847,-0.5272016983846851,-1.987977024033484,2.010934109787872,-2.0872312097326318,-0.15735576845317611,-1.9655645527173249,1.3089996522332448,924,0,train
1.404986231075942,0.5507850039078458,-0.507262527681422,2.077807146596127,1.2418553752503776,0.018656630264970886,-0.12462339470900152,1.6575125647400892,925,0,train
1.3347654838198886,-0.6597882347907129,-0.8170301180964128,1.7473982744551453,-1.8100325341841108,-1.5099185800690824,-0.6428730632667312,1.1943576914900735,926,0,train
-0.7571746413646097,0.8597086186023339,-1.8172868332061873,-2.021533667538064,0.6022277423840681,2.399082183517131,2.968314158872298,-1.0360031638392966,927,1,test
1.3533006661843687,-1.9422219424378293,-2.3332993893494094,0.9517604220229444,-1.5837951112713875,-0.3907170585202975,-2.4712489526564063,0.5165840756456636,928,0,train
-1.5336393218814262,0.9367439914481993,-1.3335333200832897,-0.8962660455316758,-0.32336431276897515,-1.2767351955199102,0.8613498467606193,-0.4967258215908977,929,0,test
0.9685573367983625,-0.577961965579432,-1.663103515982948,1.3339589879266525,-0.9992259012108894,-0.6636614262250307,2.446269046508272,1.3274814362275127,930,0,train
0.6832085755026012,0.2981315278960691,-0.4262658949552896,1.2165518816580314,0.8358084297414753,-0.2208423831685583,-0.7170967409069777,0.9174020076130579,931,0,test
1.8309440655214146,0.9138845218730609,-1.1428203076387426,2.1313620436814444,0.3359577913817905,0.045912699354189734,-0.5321679383876832,1.6430278956998035,932,0,train
1.8837185546846902,-0.707412394167982,-2.331207148959254,1.4998109015328318,-0.9505731982687986,0.2378759870540147,-0.8869936556717436,1.1360383286692153,933,0,train
1.1983078691752804,0.8903442592970144,-0.8347435914727441,1.415633770589586,-0.9217737212596468,-0.3542233096743722,2.5884483450222957,1.3480575431863782,934,0,train
0.6473290934851842,0.7469336775861629,-0.3792088884739956,-0.3817100157484319,-2.087195694025027,0.425051369768772,0.7027838932107175,-0.31308269100295966,935,0,test
2.900929859077861,-0.4372346834198356,-1.3157235685407742,2.7033962123671564,-1.834889464564504,-0.23306820746725987,0.5042535837549097,2.0646624050310174,936,0,test
0.4790588013809943,-0.10870923386241436,-0.7065662833051329,1.20469090988471,-0.756304641746185,-1.024959209639642,3.3969386623551405,1.281869752976065,937,0,train
-0.298366595528644,-2.2206827386837227,-1.2332169287494434,-0.38035266579285787,-2.5055228053313,-1.7165228840972633,-2.534221803737674,-0.6191251601215085,938,0,train
2.595297855649409,0.588847749335772,0.3949221891212823,1.0073365449218814,-2.0759518401282477,1.7212200477804758,1.9802297606423842,0.8068226300632206,939,0,train
1.105086780317881,1.1320710295251422,-1.1142340249618927,0.7052891933588263,-2.0180996625928858,-0.6875069769646989,-2.27634077769103,0.23992923861072624,940,0,train
2.3402206600621613,-0.09098534466153389,0.47372356394947424,0.539214209864984,-1.878518577487731,2.086788784292537,1.8578863193246713,0.4473213311182096,941,0,test
-1.1864508791570272,0.7378378702408885,-0.05192236241399206,0.5184903189050316,1.4938701284437856,-1.819047882418507,-0.45041565392881183,0.4438071304162891,942,1,test
0.19274082731491657,1.3271201339706884,0.5738491447545057,0.08427905484090803,0.6292714728491564,0.8680569860219007,2.6971953090640173,0.3503842471726424,943,1,train
-2.2878865113914464,-1.1900341220913575,0.5155096531996465,-1.1924147315445381,-1.6425771405594711,-3.2440583201634574,-2.360303851168668,-1.274758057686054,944,0,train
-2.4174056343021975,0.3504296849128072,-1.4010393636749638,-1.0319882901112938,0.000649289022775279,-2.25365406968515,1.415739511082748,-0.5089456906414028,945,0,train
1.1818958836199847,-0.5857304743047154,-1.0146815545066497,1.2137625052907715,-1.6585713316894974,-0.6456045445830553,1.5766515262524763,1.0553832468515012,946,0,train
0.49667480676041154,0.09332711445492962,-1.5646642362086025,-0.07446231646438495,-2.653230534229797,-0.8663223266280511,-1.737602347771521,-0.2921551326666419,947,0,train
-0.3912015239118109,-0.36472958572409864,0.42457392122052917,0.8929032212373449,-0.20538289494552708,-2.128639011675636,-0.7292023396649772,0.5566493071516875,948,0,test
-0.24435032365572465,-1.1093162293675225,-2.8266320095169113,-2.553530029183172,0.6089208776077953,3.876581496803582,1.8007317682148407,-1.4957299653421263,949,1,train
-0.24980330827443203,1.0907812199444147,-1.1940983150227196,-0.7933624258721214,-1.5459956954943972,-0.11311891781742967,0.5987100597836136,-0.5387668320429865,950,0,train
1.6442035391686607,-1.2852761580019418,-0.5692093913276253,1.3577583727222895,-1.0456584994033828,0.29523550437056667,1.8906998985157202,1.1990762513080002,951,0,test
-5.509682887514502,-1.5030083696076209,0.9934541074339046,-2.591111478158635,2.751467000859811,-3.5871218832515632,-0.41825425709244524,-1.874236475381118,952,1,test
0.8586073645539405,-0.15430788309563714,-0.15357821237360847,1.5753595663043511,0.14408718287192868,-0.7711671038956485,0.1775647246754234,1.22408588326751,953,0,train
-0.1741967772411139,0.10854484605082511,-0.6825964575915139,-1.1990005145106846,-1.165550687734088,0.8273812693383068,0.6850136461411993,-0.8511059459881088,954,0,train
0.9485484251570412,-1.7230526906769772,-1.3503711909900242,1.3041041142393897,0.6918640407092346,-0.1223937839360032,-1.8394022653100124,0.9180056791341749,955,0,train
0.35378194611928193,0.7962998688847539,0.2757767899003739,1.2269227003108416,0.4749395274252216,-0.8465816158711932,0.5738548147163197,0.9958004787930685,956,0,test
0.9621606082928231,1.5709198721143829,-1.3464814497806858,1.0706432056288206,-0.67876730415696,-0.5729284837495294,-1.7029325696344513,0.6750466289833288,957,0,train
2.1329246406239215,1.7699972001635877,-1.1464278314543077,2.136281319803194,0.1834910745591979,0.5644604070028799,0.6073493724630191,1.7592580934592088,958,0,train
3.7811838510106632,-1.0851716997186691,0.3125963966728328,0.2135671404041647,-4.397446718365547,3.1315042749077784,-0.29870380949938313,-0.17998535662201115,959,0,train
0.24863501149825445,-0.30005073504124014,-1.2852359575671994,0.5522849335904075,-1.562170219831913,-1.5695325957368509,-2.2046623875755857,0.17735648736972742,960,0,train
0.6135036844840964,-1.856537821054796,-2.206417421455704,0.03374022682049649,-1.963212408165008,-0.4213203071579827,-1.8162937881006949,-0.13293158412186742,961,0,train
-1.5006173857758598,0.1237584598596047,-0.5330907438583044,-0.5809856784250739,-0.7173424648982217,-2.4112536301310175,-3.4815930427146426,-0.8096416240703372,962,0,train
-3.470805102194853,1.5131937545067173,-0.980025660368754,-1.431517661913492,2.0501544625150796,-2.014436812768356,2.6578641716282037,-0.5783695974326464,963,0,train
-0.7486063494845272,0.20380963689089085,-0.8233564681515808,1.3073782383733525,0.9014956029885707,-2.1894939282086967,3.152460887731959,1.448095141465277,964,0,train
1.299665870542383,-0.8163651152016593,-2.5597238409642884,1.0925339414076782,-1.2748496205160422,-0.5738112415447163,-3.192314600157303,0.5798153817879786,965,0,train
-3.577165052847351,0.2267935258037045,-2.694512354266159,-1.0398389368827061,1.4825361584848067,-3.120124806125057,2.272792957275484,-0.23336056065652905,966,0,train
1.138652717198535,0.7203093606519285,-1.4409907301551108,1.8206339152484383,2.174781629543236,0.5628336664506784,0.19062137388940947,1.6211197830746866,967,1,train
0.7129440773540741,-0.49733605894533134,-1.8588279714955318,1.335323913000709,0.14211158421620296,-0.7914934668135915,-1.1016820331936987,1.0273691469235084,968,1,train
1.630865224739678,1.3834691310017209,-1.1995493014171288,1.7308254924572786,1.0215904268977307,0.7843875380796829,0.11209644459085599,1.455793801979943,969,0,train
3.7806924603564283,0.9910082515354205,-2.91433336061647,2.9776265030720745,-0.7715189634100765,1.3787926587452772,-0.12269007604124427,2.3752423307424437,970,0,test
-0.8770434525135125,0.4631563749307377,0.9062988364410031,0.512553735986045,0.3232712308872986,-2.0298827070264425,-0.5189514161949154,0.29183045337205066,971,0,train
-1.166004819620941,-3.0933051312538393,-1.3700624318004448,-1.7943670745063316,-2.320937501173983,-0.7284131521348597,-0.3738331514703722,-1.4276210798199085,972,0,train
0.9055680493782988,0.2550963043932811,0.518947512569261,-2.214812570672674,-4.062037774109935,1.923121843641435,-2.5282442851560907,-2.2323951843968777,973,0,test
0.3032668398388848,1.4793132169319485,-0.6428721484035763,1.2529073597179075,-0.7011404631872367,-1.3908385608426221,3.0021848804425177,1.2755369456492767,974,0,test
1.1617982615626476,0.3089949328309472,-1.5257152005086096,1.110066020681689,-1.6527770811316391,-0.8562017016123629,-1.3973722816065257,0.6919811470502331,975,0,train
1.142371600089186,-0.4996961463814848,1.0645919723268062,-0.8516748824411663,-3.659682697246002,0.9150358837064839,0.43977659599221913,-0.89702457065694,976,0,train
-0.004512667008705492,0.18246225619213544,-1.0511957350625785,0.1272805338066112,-3.7574592433473697,-2.6514659354288943,-1.8696184470068544,-0.25215866890499106,977,0,test
1.268115616345398,0.43258503792166875,1.1652341353588467,0.0735416696564355,2.48303546140411,3.5880206699381523,1.4085961711946515,0.26161210631207815,978,1,train
-1.4906338195289828,-0.24163598505177625,-2.727561402461816,-0.9914011472849317,-0.7258353543745757,-1.1151333440980635,2.497580416326201,-0.3153552165220033,979,0,test
-0.4991834766289548,0.230858639485297,-0.37562080828972677,0.1176142062567157,-0.5151439108375119,-1.400607669846723,-1.0364173414427449,-0.02304921529666476,980,1,train
-3.0424970961818993,1.3517365590085395,-0.5021806689834873,0.01150054598806427,1.779257627813048,-3.524355773941663,3.0325545187095884,0.5002991525130392,981,0,train
-1.854694650697499,-0.17486230912056408,0.99215635392981,-0.36331880152568663,-1.0054818049525454,-3.1440159743049656,-0.4615753159332116,-0.4418041267428721,982,0,train
-1.381673028424007,0.7923092475774286,-1.1089589689404367,-1.3921039103986572,-0.46877980855995444,-0.3399397978931207,1.448053341904704,-0.8340260274370124,983,0,train
2.473591303482925,-1.028713752312056,-0.38718669763,1.3936707341006338,-2.665563738961432,0.6060158018256122,1.8537111848283905,1.1076484993977913,984,0,train
0.2888164689473881,-1.307481709586351,-0.3475920135257403,-0.42367859863181395,-1.4930371672846268,0.3430924930277758,1.4196302795181404,-0.23181759955848713,985,0,test
0.950890843361447,-0.8521528650876156,-2.4896570098971305,0.9167779487812181,-1.8161310234136434,-1.2781920935477724,-3.7856776276507627,0.3482105096244486,986,1,train
-4.250017419485798,0.43009032979435136,-0.350471397880322,-1.3077520667733906,0.9916039960700868,-4.028580445462098,3.2549657133279926,-0.5219923641510671,987,0,train
1.2865020893903574,-1.1216245013899289,-1.454716612766974,0.9939043419920885,-2.285859916729938,-0.6146577400536648,0.85203544922177,0.804464125857988,988,1,train
-0.029993309604291085,-0.35622849779212185,-1.9872106392165225,-2.1377778577669373,-2.1687884708596186,1.6350145004657244,-0.9655416870436747,-1.7064608318768604,989,0,train
1.7339500995390156,0.153734780084697,-1.4463074933819469,1.2583792862375982,-3.0363251608891435,-0.8348363169454132,-0.14212366974482882,0.8487267895234866,990,0,train
-2.1503208477257636,-1.763524929998122,-1.235602967723071,-1.9071151291779072,-1.4107131601903844,-1.511662100175938,0.5246240349382493,-1.3644178428091114,991,0,train
-4.0152963950339675,0.20339716459918297,-2.80578603556979,-1.8748812114431943,-0.09244567718463725,-3.570946010307909,2.2877746954554308,-0.9449896393671549,992,0,test
0.4463755957422982,-0.29957009416171004,0.8471682747267503,-0.45555878354417567,0.39343365803032515,1.7289066383768832,1.0758493836514829,-0.2689523235032643,993,1,train
0.5577943868433302,-0.7975513312194212,0.6455985185389529,0.5642487567424154,0.26992069576343936,0.5075465682264094,2.3126923571522644,0.6427866796487494,994,0,train
-1.3864795447213774,-1.1696683496626445,0.03035795041083955,-1.2088488317494164,-1.1788911122879377,-1.2572068472220794,-0.3997048440494787,-1.0192097884849214,995,0,train
1.4058882399787518,-0.6931661367036784,-0.19975322765285686,1.311003921989673,-1.5445522232182134,-0.2698762677807722,2.3919233000507845,1.1638073974260021,996,0,train
4.217049810767994,0.31529112836987594,-1.4313021440039675,3.146091076871582,-2.1883611203344384,1.1684853768036785,1.5728658359111294,2.493144998444368,997,0,test
-4.164282879310966,-0.6415974102109185,-0.877120642155894,-0.06740619838236017,3.2528209810017175,-4.160759712419655,4.59414631181644,0.7317195847603017,998,0,train
-3.11298355410584,-1.6291372113129567,-0.7005953252745689,-1.0947235754754792,1.3897413387584518,-2.4322716479776583,1.6621468845070577,-0.493078590523524,999,0,train
